case_id,β,γ,peak_mean,peak_sd,final_R_mean,final_R_sd,time_mean,refined_peak,difference
1,0.1,0.05,996.85,1.8715318802914818,993.5,2.3951705795753164,0.1202835438053947,995.704573938141,1.1454260618589842
2,0.3,0.05,998.95,0.7591546545162482,993.15,3.166851333488999,0.03995000962768078,998.3850892646042,0.5649107353958698
3,0.8,0.05,999.6,0.5982430416161186,992.8,2.546411303445653,0.014550372044046056,999.3331066459132,0.26689335408684656
4,0.1,0.1,993.35,2.412140346794021,999.95,0.223606797749979,0.10867074176789952,992.1022950568479,1.2477049431521436
5,0.3,0.1,997.8,1.361114094757441,999.9,0.3077935056255462,0.04122232672605958,997.0012275893922,0.7987724106077394
6,0.8,0.1,999.0,1.1697953037312037,999.95,0.223606797749979,0.015521414092101024,998.7528566893967,0.24714331060329187
7,0.1,0.2,985.7,3.2134585401827866,1000.0,0.0,0.10466203280814672,985.5908844748411,0.10911552515892708
8,0.3,0.2,996.0,1.5217718205053643,1000.0,0.0,0.03909377199358039,994.4645532991635,1.5354467008364736
9,0.8,0.2,998.55,1.0990426455975695,1000.0,0.0,0.014482609940338717,997.6790001739326,0.8709998260673046
