time,ODE_I,SSA_I,difference
0.0,10.0,10,0.0
0.5,952.6913929972906,952,-0.6913929972905635
1.0,906.2280854875798,891,-15.228085487579847
1.5,862.0308202247834,843,-19.030820224783383
2.0,819.9890810243095,803,-16.989081024309485
2.5,779.9977416395732,768,-11.997741639573178
3.0,741.9568028917288,736,-5.956802891728785
3.5,705.7711426190822,709,3.228857380917816
4.0,671.3502778227286,674,2.6497221772714283
4.5,638.6081384117078,646,7.391861588292159
5.0,607.4628519828857,614,6.537148017114305
5.5,577.836539097207,586,8.163460902792963
6.0,549.6551185408944,558,8.344881459105636
6.5,522.8481220835449,530,7.151877916455078
7.0,497.34851827085083,501,3.651481729149168
7.5,473.0925448110552,480,6.907455188944823
8.0,450.01954913613446,458,7.980450863865542
8.5,428.07183673885555,436,7.928163261144448
9.0,407.1945269061016,406,-1.1945269061016006
9.5,387.3354154887362,387,-0.33541548873620286
10.0,368.4448443640589,367,-1.4448443640588948
10.5,350.475577264681,352,1.5244227353189785
11.0,333.3826816630398,334,0.6173183369601816
11.5,317.123416416862,322,4.876583583137972
12.0,301.6571248938598,298,-3.657124893859816
12.5,286.9451333094027,286,-0.9451333094027063
13.0,272.9506540211852,265,-7.950654021185187
13.5,259.63869354160585,252,-7.638693541605846
14.0,246.97596503574022,243,-3.9759650357402165
14.5,234.93080508639312,232,-2.9308050863931214
15.0,223.47309451985916,222,-1.4730945198591598
15.5,212.57418309148454,212,-0.5741830914845423
16.0,202.20681784581652,201,-1.2068178458165164
16.5,192.34507496966356,194,1.6549250303364431
17.0,182.96429496894356,179,-3.9642949689435625
17.5,174.0410210074142,168,-6.0410210074142014
18.0,165.5529402524491,157,-8.552940252449105
18.5,157.47882808071464,151,-6.478828080714635
19.0,149.79849500628563,144,-5.798495006285634
19.5,142.49273619585492,131,-11.492736195854917
20.0,135.5432834471206,129,-6.5432834471205865
20.5,128.9327595084073,125,-3.932759508407287
21.0,122.64463462640296,119,-3.6446346264029614
21.5,116.66318521376985,115,-1.6631852137698502
22.0,110.9734545313198,110,-0.9734545313198026
22.5,105.56121528874651,105,-0.56121528874651
23.0,100.41293406864487,100,-0.4129340686448728
23.5,95.51573748655044,97,1.4842625134495648
24.0,90.85738000008789,94,3.142619999912114
24.5,86.42621328913206,89,2.5737867108679353
25.0,82.21115712884689,84,1.7888428711531077
25.5,78.20167168315814,76,-2.201671683158139
26.0,74.3877311501701,71,-3.3877311501700973
26.5,70.75979869190398,69,-1.7597986919039812
27.0,67.30880258747649,65,-2.3088025874764924
27.5,64.02611354909641,63,-1.026113549096408
28.0,60.90352314437079,61,0.09647685562921282
28.5,57.93322327065372,58,0.0667767293462802
29.0,55.10778663124492,55,-0.10778663124492027
29.5,52.420148162719016,51,-1.4201481627190162
30.0,49.86358736905656,47,-2.8635873690565603
30.5,47.43171151660258,46,-1.431711516602583
31.0,45.11843964902105,46,0.8815603509789511
31.5,42.917987381713296,44,1.0820126182867043
32.0,40.82485243787401,42,1.1751475621259928
32.5,38.83380088970803,41,2.16619911029197
33.0,36.93985407153907,38,1.0601459284609334
33.5,35.138276129611135,37,1.8617238703888646
34.0,33.424562180708556,34,0.5754378192914444
34.5,31.794427047161044,32,0.20557295283895627
35.0,30.243794542679893,29,-1.2437945426798933
35.5,28.76878727746765,28,-0.7687872774676485
36.0,27.365716965082715,27,-0.365716965082715
36.5,26.03107519955388,24,-2.0310751995538787
37.0,24.76152468123095,21,-3.7615246812309486
37.5,23.553890872308177,18,-5.553890872308177
38.0,22.405154059130776,18,-4.405154059130776
38.5,21.31244180129203,18,-3.3124418012920316
39.0,20.273021749031333,17,-3.273021749031333
39.5,19.284294810960805,17,-2.2842948109608052
40.0,18.34378865494057,17,-1.343788654940571
40.5,17.449151525822955,15,-2.4491515258229555
41.0,16.59814636460335,13,-3.5981463646033482
41.5,15.78864521444943,13,-2.7886452144494296
42.0,15.018623901164567,13,-2.018623901164567
42.5,14.286156970145633,12,-2.2861569701456332
43.0,13.58941287250771,11,-2.58941287250771
43.5,12.926649385461559,10,-2.926649385461559
44.0,12.296209255524177,10,-2.296209255524177
44.5,11.696516054149685,10,-1.6965160541496846
45.0,11.126070235490143,10,-1.1260702354901433
45.5,10.583445387224227,10,-0.5834453872242271
46.0,10.067284664932467,9,-1.0672846649324672
46.5,9.576297397737406,9,-0.576297397737406
47.0,9.109255862030793,9,-0.10925586203079263
47.5,8.664992211124922,7,-1.6649922111249218
48.0,8.242395554645036,7,-1.2423955546450358
48.5,7.8404091804361595,5,-2.8404091804361595
49.0,7.458027912677219,4,-3.4580279126772187
49.5,7.094295599269829,4,-3.094295599269829
50.0,6.748302719834735,3,-3.7483027198347347
50.5,6.419184112216521,3,-3.419184112216521
51.0,6.106116808776899,3,-3.106116808776899
51.5,5.8083179782541885,2,-3.8083179782541885
52.0,5.525042968070916,2,-3.525042968070916
52.5,5.255583442940834,2,-3.255583442940834
53.0,4.9992656137854405,2,-2.9992656137854405
53.5,4.755448552485949,2,-2.755448552485949
54.0,4.52352258961518,2,-2.5235225896151796
54.5,4.302907789665858,2,-2.3029077896658583
55.0,4.093052500705192,2,-2.093052500705192
55.5,3.8934319748465827,2,-1.8934319748465827
56.0,3.703547056819892,2,-1.7035470568198918
56.5,3.522922935381741,2,-1.5229229353817408
57.0,3.3511079561959685,2,-1.3511079561959685
57.5,3.187672492500352,1,-2.187672492500352
58.0,3.032207870621983,1,-2.032207870621983
58.5,2.8843253479404583,1,-1.8843253479404583
59.0,2.743655140859338,1,-1.743655140859338
59.5,2.609845500681833,1,-1.6098455006818329
60.0,2.482561833548166,1,-1.482561833548166
60.5,2.361485864080691,1,-1.361485864080691
61.0,2.2463148394219883,1,-1.2463148394219883
61.5,2.136760772062199,1,-1.1367607720621988
62.0,2.032549719625136,1,-1.0325497196251359
62.5,1.933421100099128,1,-0.9334211000991279
63.0,1.8391270403393298,1,-0.8391270403393298
63.5,1.7494317560688875,1,-0.7494317560688875
64.0,1.664110962452456,1,-0.6641109624524559
64.5,1.5829513131451995,0,-1.5829513131451995
65.0,1.505749866724701,0,-1.505749866724701
65.5,1.4323135792105053,0,-1.4323135792105053
66.0,1.3624588216688693,0,-1.3624588216688693
66.5,1.296010920789141,0,-1.296010920789141
67.0,1.2328037222547648,0,-1.2328037222547648
67.5,1.172679175224314,0,-1.172679175224314
68.0,1.115486937037291,0,-1.115486937037291
68.5,1.0610839972166244,0,-1.0610839972166244
69.0,1.0093343200365739,0,-1.0093343200365739
69.5,0.9601085043543404,0,-0.9601085043543404
70.0,0.913283459997448,0,-0.913283459997448
70.5,0.8687421000269461,0,-0.8687421000269461
71.0,0.8263730478816267,0,-0.8263730478816267
71.5,0.7860703588191347,0,-0.7860703588191347
72.0,0.7477332550511655,0,-0.7477332550511655
72.5,0.7112658738731558,0,-0.7112658738731558
73.0,0.6765770278282319,0,-0.6765770278282319
73.5,0.6435799767803487,0,-0.6435799767803487
74.0,0.61219221095314,0,-0.61219221095314
74.5,0.5823352445571351,0,-0.5823352445571351
75.0,0.5539344195590422,0,-0.5539344195590422
75.5,0.5269187191213776,0,-0.5269187191213776
76.0,0.5012205899139347,0,-0.5012205899139347
76.5,0.4767757732686676,0,-0.4767757732686676
77.0,0.45352314444238756,0,-0.45352314444238756
77.5,0.4314045597215579,0,-0.4314045597215579
78.0,0.41036471107907085,0,-0.41036471107907085
78.5,0.39035098794328155,0,-0.39035098794328155
79.0,0.37131334558515483,0,-0.37131334558515483
79.5,0.35320418002083914,0,-0.35320418002083914
80.0,0.33597820891960667,0,-0.33597820891960667
80.5,0.319592358333577,0,-0.319592358333577
81.0,0.3040056550952665,0,-0.3040056550952665
81.5,0.28917912432093956,0,-0.28917912432093956
82.0,0.275075691985792,0,-0.275075691985792
82.5,0.2616600921929646,0,-0.2616600921929646
83.0,0.24889877893578138,0,-0.24889877893578138
83.5,0.23675984225099225,0,-0.23675984225099225
84.0,0.22521292847636373,0,-0.22521292847636373
84.5,0.21422916432500322,0,-0.21422916432500322
85.0,0.20378108469721298,0,-0.20378108469721298
85.5,0.19384256394307003,0,-0.19384256394307003
86.0,0.1843887505477531,0,-0.1843887505477531
86.5,0.17539600505623623,0,-0.17539600505623623
87.0,0.1668418409327714,0,-0.1668418409327714
87.5,0.15870486834130137,0,-0.15870486834130137
88.0,0.15096474059420417,0,-0.15096474059420417
88.5,0.14360210331745038,0,-0.14360210331745038
89.0,0.13659854608085087,0,-0.13659854608085087
89.5,0.12993655636720022,0,-0.12993655636720022
90.0,0.12359947575140154,0,-0.12359947575140154
90.5,0.11757145819506858,0,-0.11757145819506858
91.0,0.11183743050975695,0,-0.11183743050975695
91.5,0.10638305464719638,0,-0.10638305464719638
92.0,0.10119469185710579,0,-0.10119469185710579
92.5,0.09625936850909615,0,-0.09625936850909615
93.0,0.09156474370707685,0,-0.09156474370707685
93.5,0.08709907844678304,0,-0.08709907844678304
94.0,0.08285120627079205,0,-0.08285120627079205
94.5,0.07881050527152404,0,-0.07881050527152404
95.0,0.07496687157118655,0,-0.07496687157118655
95.5,0.07131069408816133,0,-0.07131069408816133
96.0,0.06783283050645054,0,-0.06783283050645054
96.5,0.06452458433338404,0,-0.06452458433338404
97.0,0.06137768321465221,0,-0.06137768321465221
97.5,0.058384258272440065,0,-0.058384258272440065
98.0,0.05553682440992697,0,-0.05553682440992697
98.5,0.05282826152390563,0,-0.05282826152390563
99.0,0.050251796794579744,0,-0.050251796794579744
99.5,0.04780098775162014,0,-0.04780098775162014
100.0,0.045469706074115226,0,-0.045469706074115226
