case_id,β,γ,repetition,seed,peak_I,peak_time,final_R,conservation_error
1,0.1,0.05,1,224,997,0.1117959519832315,994,0
1,0.1,0.05,2,225,997,0.11386170291150957,988,0
1,0.1,0.05,3,226,998,0.12233017010083946,995,0
1,0.1,0.05,4,227,996,0.11088582088048947,993,0
1,0.1,0.05,5,228,993,0.1461152627436661,992,0
1,0.1,0.05,6,229,996,0.08717137660266341,991,0
1,0.1,0.05,7,230,997,0.10104318698388036,997,0
1,0.1,0.05,8,231,997,0.12246579729586426,997,0
1,0.1,0.05,9,232,997,0.11257271435829085,993,0
1,0.1,0.05,10,233,993,0.15269688188511243,997,0
1,0.1,0.05,11,234,997,0.13165818072167237,992,0
1,0.1,0.05,12,235,997,0.11087938579216192,993,0
1,0.1,0.05,13,236,994,0.12742589270925558,995,0
1,0.1,0.05,14,237,1000,0.12197714975007135,991,0
1,0.1,0.05,15,238,997,0.13382928378493245,996,0
1,0.1,0.05,16,239,998,0.1146575668669748,994,0
1,0.1,0.05,17,240,999,0.11300935801305337,992,0
1,0.1,0.05,18,241,999,0.13556288824116852,992,0
1,0.1,0.05,19,242,999,0.1273164515769576,992,0
1,0.1,0.05,20,243,996,0.10841585290609865,996,0
2,0.3,0.05,1,324,998,0.04195468111308743,994,0
2,0.3,0.05,2,325,999,0.03893591734833525,998,0
2,0.3,0.05,3,326,1000,0.045428587432999476,991,0
2,0.3,0.05,4,327,998,0.04149157066837324,996,0
2,0.3,0.05,5,328,999,0.04277441133326289,993,0
2,0.3,0.05,6,329,1000,0.04220989690117853,994,0
2,0.3,0.05,7,330,999,0.04558687638855348,986,0
2,0.3,0.05,8,331,999,0.04469525779598317,991,0
2,0.3,0.05,9,332,1000,0.04086167646481443,993,0
2,0.3,0.05,10,333,998,0.03591258125660768,996,0
2,0.3,0.05,11,334,1000,0.038424562429793946,994,0
2,0.3,0.05,12,335,999,0.03602800640144724,991,0
2,0.3,0.05,13,336,999,0.03975313968618207,990,0
2,0.3,0.05,14,337,999,0.037891158853464946,996,0
2,0.3,0.05,15,338,999,0.03898506327487266,989,0
2,0.3,0.05,16,339,998,0.04079047981361798,996,0
2,0.3,0.05,17,340,998,0.03757152626179856,993,0
2,0.3,0.05,18,341,998,0.036008958968488276,997,0
2,0.3,0.05,19,342,1000,0.03643356481909851,996,0
2,0.3,0.05,20,343,999,0.0372622753416558,989,0
3,0.8,0.05,1,424,1000,0.013118453265688532,994,0
3,0.8,0.05,2,425,1000,0.013298282759407271,991,0
3,0.8,0.05,3,426,1000,0.013923427262782796,989,0
3,0.8,0.05,4,427,999,0.01563431564715575,995,0
3,0.8,0.05,5,428,1000,0.017465971746818007,991,0
3,0.8,0.05,6,429,1000,0.014187221358323293,993,0
3,0.8,0.05,7,430,998,0.013422340819195522,995,0
3,0.8,0.05,8,431,1000,0.014608750296236098,994,0
3,0.8,0.05,9,432,1000,0.014036028452246,995,0
3,0.8,0.05,10,433,1000,0.014465655401565776,995,0
3,0.8,0.05,11,434,1000,0.015526397264149469,993,0
3,0.8,0.05,12,435,1000,0.014662518409248291,991,0
3,0.8,0.05,13,436,999,0.015873461704646815,993,0
3,0.8,0.05,14,437,1000,0.013813222152792614,987,0
3,0.8,0.05,15,438,999,0.01392227943147428,995,0
3,0.8,0.05,16,439,999,0.01347864877167083,990,0
3,0.8,0.05,17,440,999,0.016258618073539174,993,0
3,0.8,0.05,18,441,999,0.015884285611806697,998,0
3,0.8,0.05,19,442,1000,0.012969489974622762,993,0
3,0.8,0.05,20,443,1000,0.014458072477551081,991,0
4,0.1,0.1,1,524,997,0.10893611485439882,1000,0
4,0.1,0.1,2,525,993,0.11993833727723048,1000,0
4,0.1,0.1,3,526,993,0.1153972834681009,1000,0
4,0.1,0.1,4,527,989,0.09179442000143882,1000,0
4,0.1,0.1,5,528,993,0.10635649936291743,1000,0
4,0.1,0.1,6,529,992,0.12257661972748589,1000,0
4,0.1,0.1,7,530,993,0.10194115476297387,1000,0
4,0.1,0.1,8,531,994,0.12252835009424137,1000,0
4,0.1,0.1,9,532,993,0.09608611773489346,1000,0
4,0.1,0.1,10,533,989,0.11865897974784624,1000,0
4,0.1,0.1,11,534,997,0.11360151317463975,1000,0
4,0.1,0.1,12,535,994,0.10833957017088333,1000,0
4,0.1,0.1,13,536,995,0.0995959124756184,1000,0
4,0.1,0.1,14,537,993,0.10215571676119597,1000,0
4,0.1,0.1,15,538,991,0.10416237983022186,1000,0
4,0.1,0.1,16,539,993,0.10337463198124416,1000,0
4,0.1,0.1,17,540,993,0.11015753854765972,1000,0
4,0.1,0.1,18,541,996,0.111274308217099,999,0
4,0.1,0.1,19,542,998,0.09992533903266905,1000,0
4,0.1,0.1,20,543,991,0.11661404813523185,1000,0
5,0.3,0.1,1,624,997,0.04730750774572746,1000,0
5,0.3,0.1,2,625,999,0.042194036725613754,1000,0
5,0.3,0.1,3,626,998,0.042240419841692155,1000,0
5,0.3,0.1,4,627,997,0.03769954975277795,1000,0
5,0.3,0.1,5,628,996,0.03834555817596145,1000,0
5,0.3,0.1,6,629,999,0.044406391235947196,1000,0
5,0.3,0.1,7,630,996,0.04088509088728456,999,0
5,0.3,0.1,8,631,998,0.041941603537412574,1000,0
5,0.3,0.1,9,632,1000,0.03708507803003984,1000,0
5,0.3,0.1,10,633,998,0.04231510878204545,1000,0
5,0.3,0.1,11,634,998,0.03992950911429157,999,0
5,0.3,0.1,12,635,999,0.036212901868311644,1000,0
5,0.3,0.1,13,636,998,0.04001656659889112,1000,0
5,0.3,0.1,14,637,996,0.04077000607949766,1000,0
5,0.3,0.1,15,638,997,0.04091857399308695,1000,0
5,0.3,0.1,16,639,996,0.046146831500930234,1000,0
5,0.3,0.1,17,640,1000,0.04459245890030012,1000,0
5,0.3,0.1,18,641,997,0.042492205803576766,1000,0
5,0.3,0.1,19,642,997,0.04245013072191424,1000,0
5,0.3,0.1,20,643,1000,0.03649700522588886,1000,0
6,0.8,0.1,1,724,998,0.01617570395941714,1000,0
6,0.8,0.1,2,725,1000,0.013107731982541447,1000,0
6,0.8,0.1,3,726,1000,0.016276824856853167,1000,0
6,0.8,0.1,4,727,998,0.01644135302109801,1000,0
6,0.8,0.1,5,728,998,0.01282273569037702,1000,0
6,0.8,0.1,6,729,1000,0.014999293294372069,1000,0
6,0.8,0.1,7,730,1000,0.01764617188297379,1000,0
6,0.8,0.1,8,731,1000,0.01362180725156451,1000,0
6,0.8,0.1,9,732,999,0.015381718603497505,1000,0
6,0.8,0.1,10,733,998,0.015607493065142964,1000,0
6,0.8,0.1,11,734,999,0.015558287370541705,1000,0
6,0.8,0.1,12,735,999,0.016966464318404855,1000,0
6,0.8,0.1,13,736,1000,0.013161201124163234,1000,0
6,0.8,0.1,14,737,996,0.017029528581956076,1000,0
6,0.8,0.1,15,738,1000,0.018361422496771463,1000,0
6,0.8,0.1,16,739,999,0.014752206790559587,1000,0
6,0.8,0.1,17,740,1000,0.014682219623934033,1000,0
6,0.8,0.1,18,741,999,0.02086874597233271,999,0
6,0.8,0.1,19,742,1000,0.014382507928293393,1000,0
6,0.8,0.1,20,743,997,0.012584864027225808,1000,0
7,0.1,0.2,1,824,984,0.10010011335562102,1000,0
7,0.1,0.2,2,825,986,0.09343655314225158,1000,0
7,0.1,0.2,3,826,980,0.09923205395702636,1000,0
7,0.1,0.2,4,827,987,0.13066492165834767,1000,0
7,0.1,0.2,5,828,988,0.10095736369121866,1000,0
7,0.1,0.2,6,829,988,0.1076134007138628,1000,0
7,0.1,0.2,7,830,986,0.11912027036304242,1000,0
7,0.1,0.2,8,831,985,0.09560954449705622,1000,0
7,0.1,0.2,9,832,993,0.10038235435553218,1000,0
7,0.1,0.2,10,833,987,0.11239895149333139,1000,0
7,0.1,0.2,11,834,978,0.10817099531874728,1000,0
7,0.1,0.2,12,835,988,0.11425834544878499,1000,0
7,0.1,0.2,13,836,986,0.11318984885564715,1000,0
7,0.1,0.2,14,837,982,0.09974364871927925,1000,0
7,0.1,0.2,15,838,989,0.10261538302642119,1000,0
7,0.1,0.2,16,839,985,0.09090450305616704,1000,0
7,0.1,0.2,17,840,986,0.10115919411140085,1000,0
7,0.1,0.2,18,841,986,0.1062070208854561,1000,0
7,0.1,0.2,19,842,984,0.1042105469274022,1000,0
7,0.1,0.2,20,843,986,0.0932656425863377,1000,0
8,0.3,0.2,1,924,997,0.03934032857899132,1000,0
8,0.3,0.2,2,925,996,0.04056235284020274,1000,0
8,0.3,0.2,3,926,997,0.039389079022561196,1000,0
8,0.3,0.2,4,927,996,0.037318799353512795,1000,0
8,0.3,0.2,5,928,993,0.037575084886002474,1000,0
8,0.3,0.2,6,929,997,0.035990841198965194,1000,0
8,0.3,0.2,7,930,996,0.04102996823173178,1000,0
8,0.3,0.2,8,931,996,0.03764349939655403,1000,0
8,0.3,0.2,9,932,995,0.03312560071724736,1000,0
8,0.3,0.2,10,933,996,0.04166856562002468,1000,0
8,0.3,0.2,11,934,993,0.04395403224489446,1000,0
8,0.3,0.2,12,935,997,0.040345621541707795,1000,0
8,0.3,0.2,13,936,998,0.03849971662189384,1000,0
8,0.3,0.2,14,937,997,0.03556120324020096,1000,0
8,0.3,0.2,15,938,993,0.03243270726006514,1000,0
8,0.3,0.2,16,939,996,0.048728494339392185,1000,0
8,0.3,0.2,17,940,997,0.038894423659246447,1000,0
8,0.3,0.2,18,941,995,0.03889671843682246,1000,0
8,0.3,0.2,19,942,998,0.040156327675863385,1000,0
8,0.3,0.2,20,943,997,0.040762075005727434,1000,0
9,0.8,0.2,1,1024,999,0.017244343968937367,1000,0
9,0.8,0.2,2,1025,996,0.013722329120173921,1000,0
9,0.8,0.2,3,1026,998,0.014968917677227113,1000,0
9,0.8,0.2,4,1027,999,0.013842108916746584,1000,0
9,0.8,0.2,5,1028,999,0.015371054387647238,1000,0
9,0.8,0.2,6,1029,997,0.014764205704130264,1000,0
9,0.8,0.2,7,1030,1000,0.013897063730053493,1000,0
9,0.8,0.2,8,1031,998,0.012569964121694427,1000,0
9,0.8,0.2,9,1032,999,0.014822518843056999,1000,0
9,0.8,0.2,10,1033,999,0.01370793281955648,1000,0
9,0.8,0.2,11,1034,999,0.013879628203356878,1000,0
9,0.8,0.2,12,1035,997,0.01549452988050435,1000,0
9,0.8,0.2,13,1036,999,0.01270934626966991,1000,0
9,0.8,0.2,14,1037,1000,0.015438161293573692,1000,0
9,0.8,0.2,15,1038,1000,0.01515308778210503,1000,0
9,0.8,0.2,16,1039,997,0.014823538825457977,1000,0
9,0.8,0.2,17,1040,999,0.013049945791295228,1000,0
9,0.8,0.2,18,1041,999,0.015341914523382787,1000,0
9,0.8,0.2,19,1042,999,0.012193387527478105,1000,0
9,0.8,0.2,20,1043,998,0.016658219420726494,1000,0
