time,susceptible,infected,recovered,population,effective_reproduction
0.0,990.0,10.0,0.0,1000.0,1.98
0.1,989.4990153200852,10.24789807227622,0.2530866076386837,1000.0000000000001,1.97899803064017
0.2,988.9858808546501,10.501675249751647,0.5124438955984205,1000.0000000000001,1.9779717617093
0.3,988.4603221044058,10.761457483884907,0.7782204117094577,1000.0000000000001,1.9769206442088114
0.4,987.9220593842083,11.027372738052588,1.0505678777392793,1000.0000000000001,1.9758441187684164
0.5,987.3708077773174,11.299550983029528,1.32964123965327,1000.0000000000002,1.9747416155546342
0.6,986.8062770922979,11.578124189996984,1.6155987177051816,1000.0000000000001,1.9736125541845957
0.7,986.2281718227325,11.863226320954439,1.9086018563132086,1000.0000000000002,1.9724563436454645
0.8,985.6361911098764,12.15499331640226,2.2088155737213833,1000.0000000000001,1.9712723822197527
0.9,985.0300287085881,12.453563080087832,2.516408211324069,1000.0000000000001,1.970060057417176
1.0,984.4093729570319,12.759075460567217,2.8315515824009125,1000.0000000000001,1.9688187459140636
1.1,983.7739067496987,13.071672229918603,3.154421020382832,1000.0000000000001,1.9675478134993971
1.2,983.1233075141145,13.3914970587031,3.4851954271825956,1000.0000000000001,1.9662466150282287
1.3,982.4572471933459,13.71869548710115,3.8240573195531136,1000.0000000000002,1.9649144943866914
1.4,981.7753922306782,14.053414893511876,4.171192875809994,1000.0000000000001,1.9635507844613562
1.5,981.0774035609331,14.395804457282754,4.526791981784308,1000.0000000000002,1.9621548071218657
1.6,980.3629366066657,14.746015119320559,4.891048274013927,1000.0000000000001,1.9607258732133312
1.7,979.6316412776707,15.104199537067839,5.264159185261623,1000.0000000000002,1.959263282555341
1.8,978.883161980592,15.470512034982217,5.646325984425977,1000.0000000000002,1.9577663239611836
1.9,978.1171376280488,15.845108551881745,6.037753820069667,1000.0000000000001,1.9562342752560973
2.0,977.333201662244,16.228146580196917,6.438651757559244,1000.0000000000002,1.9546664033244876
2.1,976.5309820757361,16.61978510476306,6.849232819500989,1000.0000000000002,1.9530619641514717
2.2,975.7101014499358,17.020184530122684,7.269714019941743,1000.0000000000002,1.951420202899871
2.3,974.8701769890286,17.429506609824333,7.700316401147344,1000.0000000000002,1.9497403539780567
2.4,974.0108205749335,17.847914361047042,8.141265064019729,1000.0000000000003,1.9480216411498663
2.5,973.1316388155558,18.275571983223568,8.592789201220855,1000.0000000000002,1.946263277631111
2.6,972.2322331178738,18.712644759632887,9.0551221224936,1000.0000000000002,1.944464466235747
2.7,971.3121997521514,19.159298963582135,9.528501284266623,1000.0000000000002,1.9426243995043024
2.8,970.3711299441079,19.6157017472762,10.013168308616137,1000.0000000000002,1.9407422598882154
2.9,969.4086099578788,20.08202103309314,10.509369009028234,1000.0000000000001,1.9388172199157574
3.0,968.4242212067294,20.55842539083255,11.01735340243825,1000.0000000000002,1.9368484424134584
3.1,967.4175403601098,21.045083910102203,11.537375729788142,1000.0000000000001,1.9348350807202195
3.2,966.3881394689296,21.542166069376293,12.069694461694285,1000.0000000000002,1.9327762789378586
3.3,965.3355861052544,22.04984158370061,12.61457231104518,1000.0000000000002,1.9306711722105083
3.4,964.2594434972882,22.568280268483203,13.172276234228706,1000.0000000000001,1.9285188869945762
3.5,963.1592707072897,23.097651860814157,13.74307743189628,1000.0000000000001,1.9263185414145791
3.6,962.0346227792187,23.638125873050274,14.327251347731128,1000.0000000000001,1.9240692455584372
3.7,960.8850509486979,24.189871396390075,14.925077654912174,1000.0000000000002,1.9217701018973954
3.8,959.7101028186196,24.75305693026998,15.536840251110506,1000.0000000000001,1.919420205637239
3.9,958.5093225851431,25.327850181832048,16.162827233025002,1000.0000000000001,1.917018645170286
4.0,957.2822512643406,25.91441785529251,16.803330880366982,1000.0000000000001,1.914564502528681
4.1,956.0284269144549,26.51292545944072,17.458647626104455,1000.0000000000001,1.9120568538289096
4.2,954.7473849270737,27.123537052756735,18.129078020169814,1000.0000000000002,1.909494769854147
4.3,953.4386582553306,27.74641504544767,18.81492669922194,1000.0000000000001,1.906877316510661
4.4,952.10177773877,28.38171993043667,19.516502330793532,1000.0000000000002,1.9042035554775396
4.5,950.7362723880268,29.029610039350903,20.234117572622466,1000.0000000000002,1.9014725447760532
4.6,949.3416696958236,29.690241293533813,20.96808901064274,1000.0000000000002,1.8986833393916467
4.7,947.9174960149696,30.363766894259808,21.718737090770748,1000.0000000000002,1.8958349920299389
4.8,946.4632768512821,31.050337087780175,22.486386060937942,1000.0000000000001,1.892926553702564
4.9,944.9785372912721,31.750098832277075,23.271363876450977,1000.0000000000002,1.8899570745825438
5.0,943.4628023672107,32.46319550596698,24.074002126822524,1000.0000000000001,1.8869256047344212
5.1,941.9155974430815,33.189766615777756,24.89463594114096,1000.0000000000002,1.8838311948861626
5.2,940.336448708322,33.92994741846989,25.733603873208324,1000.0000000000002,1.8806728974166436
5.3,938.7248835365186,34.68386864796441,26.59124781551714,1000.0000000000002,1.8774497670730368
5.4,937.0804310020567,35.45165613677889,27.467912861164685,1000.0000000000002,1.874160862004113
5.5,935.4026223784996,36.233430441900765,28.363947179599855,1000.0000000000002,1.8708052447569987
5.6,933.69099155599,37.02930654429766,29.279701899712546,1000.0000000000002,1.8673819831119796
5.7,931.9450756664377,37.83939340024636,30.21553093331624,1000.0000000000002,1.863890151332875
5.8,930.1644155534765,38.66379360008468,31.17179084643906,1000.0000000000002,1.8603288311069526
5.9,928.3485563104347,39.50260299553488,32.14884069403068,1000.0000000000002,1.856697112620869
6.0,926.4970479651868,40.35591021973501,33.147041815078445,1000.0000000000002,1.852994095930373
6.1,924.6094459388811,41.22379636750872,34.16675769361047,1000.0000000000003,1.8492188918777615
6.2,922.6853117114496,42.106334548250125,35.20835374030063,1000.0000000000003,1.8453706234228986
6.3,920.7242135379713,43.00358939815293,36.27219706387606,1000.0000000000003,1.841448427075942
6.4,918.725726930975,43.915616758084745,37.35865631094053,1000.0000000000003,1.8374514538619495
6.5,916.6894354164244,44.84246318118242,38.468101402393465,1000.0000000000003,1.8333788708328482
6.6,914.6149312953036,45.784165431842354,39.60090327285439,1000.0000000000002,1.8292298625906067
6.7,912.5018161482686,46.74075016217469,40.75743368955702,1000.0000000000003,1.8250036322965366
6.8,910.3497016632381,47.712233391154946,41.93806494560729,1000.0000000000003,1.8206994033264756
6.9,908.1582104529135,48.69861998781231,43.14316955927457,1000.0000000000005,1.8163164209058262
7.0,905.9269765682366,49.69990335502449,44.37312007673933,1000.0000000000005,1.8118539531364724
7.1,903.6556463796447,50.71606489617317,45.628288724182504,1000.0000000000005,1.8073112927592887
7.2,901.3438794672569,51.74707347788729,46.90904705485619,1000.0000000000003,1.8026877589345132
7.3,898.9913491192855,52.79288513558659,48.21576574512834,1000.0000000000005,1.79798269823857
7.4,896.5977432556389,53.85344253905384,49.548814205307664,1000.0000000000003,1.7931954865112771
7.5,894.1627653741573,54.92867445173052,50.908560174112644,1000.0000000000005,1.7883255307483137
7.6,891.6861350740802,56.01849543554481,52.295369490375414,1000.0000000000003,1.7833722701481598
7.7,889.1675889430544,57.12280536452212,53.70960569242397,1000.0000000000006,1.7783351778861078
7.8,886.6068815415309,58.2414888964015,55.15162956206807,1000.0000000000005,1.7732137630830611
7.9,884.0037860474671,59.37441513155281,56.62179882098047,1000.0000000000005,1.7680075720949333
8.0,881.358094986296,60.521437239462855,58.12046777424153,1000.0000000000005,1.7627161899725912
8.1,878.6696212273996,61.68239195863054,59.64798681397023,1000.0000000000003,1.7573392424547987
8.2,875.9381988229165,62.85709919217887,61.20470198490495,1000.0000000000005,1.7518763976458323
8.3,873.163683518104,64.04536176961587,62.79095471228053,1000.0000000000003,1.7463273670362074
8.4,870.3459537544486,65.24696498173351,64.40708126381834,1000.0000000000005,1.7406919075088965
8.5,867.4849115944587,66.46167618865525,66.05341221688649,1000.0000000000005,1.7349698231889166
8.6,864.58048316941,67.68924463320602,67.7302721973845,1000.0000000000005,1.729160966338819
8.7,861.6326195727504,68.92940107607232,69.43797935117772,1000.0000000000005,1.7232652391455001
8.8,858.6412977435612,70.18185747367322,71.1768447827661,1000.0000000000005,1.7172825954871216
8.9,855.6065210580614,71.44630677840034,72.94717216353882,1000.0000000000005,1.711213042116122
9.0,852.5283199337207,72.72242274000844,74.74925732627136,1000.0000000000006,1.7050566398674405
9.1,849.4067526869651,74.00985964392383,76.58338766911159,1000.0000000000006,1.6988135053739293
9.2,846.2419062204658,75.30825216104772,78.449841618487,1000.0000000000005,1.692483812440931
9.3,843.0338963906257,76.61721526894937,80.34888834042545,1000.0000000000006,1.6860677927812504
9.4,839.7828688062251,77.9363440805204,82.28078711325495,1000.0000000000005,1.6795657376124495
9.5,836.4889994429051,79.26521381252977,84.24578674456568,1000.0000000000005,1.6729779988858093
9.6,833.1524949708336,80.60337977353366,86.24412525563324,1000.0000000000005,1.6663049899416664
9.7,829.7735933344852,81.95037733544305,88.27602933007219,1000.0000000000005,1.6595471866689697
9.8,826.3525642757962,83.30572201195434,90.34171371224988,1000.0000000000005,1.6527051285515917
9.9,822.8897096469968,84.66890956572125,92.44138078728248,1000.0000000000006,1.6457794192939927
10.0,819.3853637345784,86.0394160987854,94.57522016663678,1000.0000000000006,1.6387707274691559
10.1,815.8398936778923,87.41669824131725,96.74340808079107,1000.0000000000006,1.6316797873557836
10.2,812.2536996834968,88.80019345063432,98.94610686586945,1000.0000000000006,1.6245073993669927
10.3,808.6272151620844,90.18932017606821,101.18346466184786,1000.0000000000006,1.617254430324168
10.4,804.9609069989122,91.58347818238373,103.45561481870469,1000.0000000000006,1.6099218139978233
10.5,801.2552755857054,92.98204905074317,105.76267536355198,1000.0000000000005,1.60251055117141
10.6,797.5108548375031,94.38439643645442,108.1047487260431,1000.0000000000006,1.5950217096750052
10.7,793.7282122543439,95.78986653141465,110.48192121424195,1000.0000000000006,1.5874564245086868
10.8,789.9079487708561,97.19778871993014,112.89426250921429,1000.0000000000006,1.5798158975417114
10.9,786.050698612578,98.6074760339327,115.34182535348981,1000.0000000000005,1.5721013972251552
11.0,782.1571291637468,100.01822567773571,117.824645158518,1000.0000000000006,1.5643142583274927
11.1,778.2279406445417,101.4293198271681,120.34273952829069,1000.0000000000006,1.5564558812890825
11.2,774.2638657200624,102.84002635694317,122.89610792299491,1000.0000000000006,1.548527731440124
11.3,770.2656692317964,104.24959937900887,125.48473138919519,1000.0000000000005,1.5405313384635921
11.4,766.2341477037579,105.65728015909905,128.10857213714354,1000.0000000000005,1.532468295407515
11.5,762.1701286412018,107.06229814432417,130.7675732144745,1000.0000000000005,1.524340257282403
11.6,758.0744701729369,108.46387149861829,133.46165832844537,1000.0000000000005,1.5161489403458732
11.7,753.9480603557085,109.8612081524752,136.19073149181682,1000.0000000000006,1.5078961207114163
11.8,749.7918162116407,111.25350702530075,138.9546767630591,1000.0000000000006,1.4995836324232805
11.9,745.6066832110977,112.63995867885954,141.7533581100433,1000.0000000000006,1.4912133664221945
12.0,741.3936344253508,114.01974640796145,144.58661916668828,1000.0000000000005,1.482787268850701
12.1,737.1536693673668,115.39204758342653,147.45428304920725,1000.0000000000006,1.4743073387347327
12.2,732.8878131836381,116.7560345572729,150.35615225908964,1000.0000000000006,1.4657756263672752
12.3,728.5971157752939,118.11087566377154,153.29200856093516,1000.0000000000006,1.457194231550587
12.4,724.2826504804407,119.45573664260641,156.2616128769534,1000.0000000000005,1.4485653009608808
12.5,719.9455128860686,120.78978185336521,159.2647052605667,1000.0000000000005,1.4398910257721367
12.6,715.5868199897947,122.11217513872379,162.30100487148218,1000.0000000000006,1.4311736399795885
12.7,711.2077087765839,123.4220812668729,165.37020995654376,1000.0000000000005,1.4224154175531671
12.8,706.8093346432732,124.71866742575429,168.4719979309731,1000.0000000000006,1.4136186692865458
12.9,702.3928706168043,126.00110396394687,171.6060254192494,1000.0000000000006,1.4047857412336078
13.0,697.9595058043883,127.26856585788424,174.77192833772804,1000.0000000000006,1.3959190116087759
13.1,693.5104436413726,128.52023426851684,177.96932209011112,1000.0000000000005,1.3870208872827445
13.2,689.0469009386775,129.75529738178236,181.19780167954073,1000.0000000000006,1.378093801877354
13.3,684.5701063961828,130.9729517170703,184.45694188674747,1000.0000000000006,1.3691402127923649
13.4,680.0812987703398,132.1724036670682,187.7462975625926,1000.0000000000007,1.3601625975406786
13.5,675.5817255725403,133.352870566408,191.06540386105215,1000.0000000000005,1.35116345114508
13.6,671.0726418177869,134.51358171239966,194.41377646981402,1000.0000000000006,1.3421452836355732
13.7,666.5553081823401,135.65377983142807,197.79091198623232,1000.0000000000006,1.3331106163646795
13.8,662.0309893097613,136.7727223705341,201.1962883197051,1000.0000000000005,1.3240619786195218
13.9,657.5009528233462,137.8696822412751,204.62936493537921,1000.0000000000005,1.3150019056466917
14.0,652.9664675197683,138.94394917059466,208.08958330963748,1000.0000000000005,1.3059329350395361
14.1,648.4288014546914,139.99483104951574,211.5763674957933,1000.0000000000005,1.2968576029093823
14.2,643.8892210467175,141.02165455795455,215.08912439532844,1000.0000000000005,1.2877784420934344
14.3,639.3489893761674,142.0237663354564,218.62724428837666,1000.0000000000005,1.2786979787523343
14.4,634.8093643494078,143.000534172458,222.19010147813466,1000.0000000000005,1.269618728698815
14.5,630.2715975311996,143.95134775213873,225.77705471666206,1000.0000000000005,1.2605431950623986
14.6,625.736932846284,144.87561945358792,229.38744770012852,1000.0000000000005,1.2514738656925675
14.7,621.2066048410801,145.77278538627007,233.0206097726503,1000.0000000000005,1.2424132096821596
14.8,616.6818372053697,146.64230621864067,236.6758565759901,1000.0000000000005,1.2333636744107388
14.9,612.163841892079,147.4836676528385,240.352490455083,1000.0000000000005,1.2243276837841572
15.0,607.6538175206938,148.29638127479524,244.04980120451143,1000.0000000000005,1.215307635041387
15.1,603.152947792113,149.07998530482388,247.76706690306355,1000.0000000000005,1.2063058955842254
15.2,598.6624007816422,149.83404492359267,251.50355429476556,1000.0000000000005,1.1973248015632838
15.3,594.1833275717534,150.55815287645217,255.25851955179488,1000.0000000000003,1.1883666551435064
15.4,589.7168608658087,151.2519300026991,259.0312091314926,1000.0000000000003,1.179433721731617
15.5,585.2641140676203,151.91502556149715,262.82086037088294,1000.0000000000005,1.17052822813524
15.6,580.826180415066,152.54711750584013,266.6267020790943,1000.0000000000005,1.1616523608301315
15.7,576.4041317654232,153.14791283289193,270.44795540168525,1000.0000000000005,1.1528082635308459
15.8,571.9990175188863,153.71714779389666,274.28383468721756,1000.0000000000005,1.143998035037772
15.9,567.6118641540972,154.2545879681401,278.133547877763,1000.0000000000003,1.135223728308194
16.0,563.2436741731032,154.76002841840713,281.9962974084901,1000.0000000000005,1.126487348346206
16.1,558.895425206794,155.23329367776142,285.87128111544496,1000.0000000000003,1.1177908504135876
16.2,554.5680695123192,155.67423772782226,289.75769275985897,1000.0000000000005,1.109136139024638
16.3,550.2625333535035,156.08274392764486,293.654722718852,1000.0000000000003,1.1005250667070066
16.4,545.979716277564,156.4587248581962,297.5615588642403,1000.0000000000005,1.0919594325551274
16.5,541.7204905487512,156.8021220504825,301.47738740076676,1000.0000000000005,1.0834409810975019
16.6,537.4857009122994,157.11290585008055,305.4013932376205,1000.0000000000005,1.0749714018245984
16.7,533.2761640133515,157.39107509200267,309.33276089464636,1000.0000000000005,1.0665523280267024
16.8,529.0926680257332,157.63665660942908,313.27067536483804,1000.0000000000005,1.058185336051466
16.9,524.9359724434892,157.8497049362039,317.21432262030737,1000.0000000000005,1.0498719448869778
17.0,520.8068078554359,158.03030191664212,321.1628902279225,1000.0000000000005,1.0416136157108713
17.1,516.7058756842027,158.1785561623984,325.11556815339935,1000.0000000000005,1.033411751368405
17.2,512.6338480950855,158.29460231359286,329.0715495913221,1000.0000000000005,1.0252676961901706
17.3,508.5913679659341,158.37860078777095,333.0300312462953,1000.0000000000005,1.0171827359318677
17.4,504.5790487914697,158.4307370810711,336.99021412745964,1000.0000000000005,1.0091580975829388
17.5,500.59747474438336,158.45122098688057,340.95130426873646,1000.0000000000005,1.0011949494887662
17.6,496.6472007895356,158.44028587692475,344.9125133335401,1000.0000000000005,0.9932944015790707
17.7,492.728752751504,158.39818831828472,348.87305893021176,1000.0000000000005,0.9854575055030075
17.8,488.84262743290304,158.32520718945648,352.83216537764093,1000.0000000000005,0.9776852548658056
17.9,484.9892929601475,158.22164267659994,356.789064363253,1000.0000000000005,0.9699785859202946
18.0,481.16918897546475,158.08781570101584,360.7429953235199,1000.0000000000005,0.962338377950929
18.1,477.382726856103,157.92406728913886,364.6932058547586,1000.0000000000005,0.9547654537122056
18.2,473.6302900065656,157.7307576675293,368.63895232590556,1000.0000000000005,0.9472605800131307
18.3,469.9122344550251,157.50826505668073,372.5795004882946,1000.0000000000005,0.9398244689100498
18.4,466.22888905128843,157.2569852519845,376.5141256967275,1000.0000000000005,0.9324577781025765
18.5,462.5805558521087,156.97733080824557,380.44211333964614,1000.0000000000005,0.925161111704217
18.6,458.9675105518532,156.6697301193205,384.36275932882677,1000.0000000000005,0.917935021103706
18.7,455.39000325904544,156.33462613929896,388.27537060165605,1000.0000000000005,0.9107800065180904
18.8,451.84825869866825,155.97247603510482,392.1792652662274,1000.0000000000005,0.903696517397336
18.9,448.3424767265536,155.5837502968624,396.07377297658445,1000.0000000000005,0.8966849534531068
19.0,444.8728328556089,155.16893182320229,399.9582353211893,1000.0000000000005,0.8897456657112174
19.1,441.4394791624837,154.72851463396844,403.83200620354836,1000.0000000000005,0.882878958324967
19.2,438.04254451254286,154.26300353778262,407.69445194967494,1000.0000000000005,0.8760850890250853
19.3,434.68213513051126,153.77291328565644,411.54495158383276,1000.0000000000005,0.8693642702610221
19.4,431.3583351984458,153.25876766363905,415.3828971379156,1000.0000000000005,0.8627166703968911
19.5,428.07120783653255,152.72109825982298,419.2076939036449,1000.0000000000005,0.8561424156730647
19.6,424.8207953895357,152.16044408999036,423.0187605204744,1000.0000000000005,0.849641590779071
19.7,421.60711995812164,151.57735090414434,426.8155291377345,1000.0000000000005,0.8432142399162429
19.8,418.4301840841673,150.97237025574967,430.5974456600835,1000.0000000000005,0.8368603681683342
19.9,415.2899717134361,150.34605841605082,434.36396987051353,1000.0000000000005,0.8305799434268718
20.0,412.1864486018181,149.69897589882112,438.1145754993613,1000.0000000000005,0.8243728972036358
20.1,409.1195627168113,149.0316869921522,441.84875029103694,1000.0000000000005,0.8182391254336222
20.2,406.08924504898187,148.34475877172306,445.5659961792955,1000.0000000000005,0.8121784900979634
20.3,403.09541044168964,147.63876025588078,449.26582930243,1000.0000000000005,0.8061908208833789
20.4,400.1379581615369,146.91426180509077,452.94778003337274,1000.0000000000005,0.8002759163230735
20.5,397.2167721630487,146.17183484486503,456.6113929920867,1000.0000000000005,0.794433544326097
20.6,394.33172195743015,145.41205091788137,460.25622712468885,1000.0000000000003,0.78866344391486
20.7,391.48266330936735,144.6354810341608,463.8818556564723,1000.0000000000005,0.7829653266187343
20.8,388.66943893779,143.84269500967912,467.48786605253133,1000.0000000000005,0.7773388778755796
20.9,385.891878687828,143.0342613046444,471.073860007528,1000.0000000000005,0.7717837573756556
21.0,383.1498003655638,142.21074620793487,474.63945342650175,1000.0000000000005,0.7662996007311272
21.1,380.44301034102733,141.3727133158958,478.18427634307733,1000.0000000000005,0.7608860206820544
21.2,377.7713043152732,140.52072288844263,481.7079727962846,1000.0000000000005,0.755542608630546
21.3,375.1344674492523,139.6553317400061,485.21020081074204,1000.0000000000005,0.7502689348985043
21.4,372.53227510306556,138.77709259868203,488.69063229825286,1000.0000000000005,0.7450645502061308
21.5,369.9644933760148,137.88655367377748,492.1489529502081,1000.0000000000005,0.7399289867520292
21.6,367.4308798786879,136.98425808735425,495.5848620339583,1000.0000000000005,0.7348617597573754
21.7,364.9311838574935,136.070743779952,498.9980723625549,1000.0000000000005,0.7298623677149867
21.8,362.46514680774374,135.14654304722856,502.38831014502813,1000.0000000000005,0.7249302936154871
21.9,360.0325029709098,134.2121821767336,505.7553148523571,1000.0000000000005,0.7200650059418192
22.0,357.632980061307,133.26818098958893,509.09883894910456,1000.0000000000005,0.7152659601226137
22.1,355.2662994117266,132.31505274425973,512.4186478440141,1000.0000000000005,0.7105325988234529
22.2,352.9321764511674,131.35330383097232,515.7145197178608,1000.0000000000005,0.7058643529023344
22.3,350.63032117312173,130.38343346931475,518.986245357564,1000.0000000000005,0.7012606423462432
22.4,348.36043877855025,129.4059333745831,522.2336278468671,1000.0000000000005,0.6967208775571002
22.5,346.1222298575183,128.42128765750164,525.4564824849806,1000.0000000000005,0.6922444597150362
22.6,343.91539073403925,127.42997264670097,528.6546366192603,1000.0000000000005,0.6878307814680782
22.7,341.73961391760736,126.43245664440296,531.8279294379902,1000.0000000000005,0.6834792278352144
22.8,339.59458863399186,125.42919971579742,534.9762116502112,1000.0000000000005,0.6791891772679834
22.9,337.4800010510733,124.42065359212475,538.0993453568025,1000.0000000000006,0.6749600021021462
23.0,335.39553449946067,123.40726158729237,541.1972039132476,1000.0000000000006,0.6707910689989209
23.1,333.3408699179061,122.38945841455029,544.2696716675441,1000.0000000000005,0.6666817398358119
23.2,331.3156862531125,121.36767008245569,547.3166436644324,1000.0000000000006,0.6626313725062246
23.3,329.3196607290099,120.34231381675362,550.338025454237,1000.0000000000006,0.6586393214580194
23.4,327.35246897479107,119.31379803197052,553.333732993239,1000.0000000000006,0.6547049379495817
23.5,325.4137854340076,118.28252222513888,556.3036923408541,1000.0000000000006,0.6508275708680148
23.6,323.50328366219566,117.24887694175214,559.2478393960528,1000.0000000000006,0.647006567324391
23.7,321.62063661563417,116.21324373927568,562.1661196450907,1000.0000000000006,0.643241273231268
23.8,319.76551672240936,115.17599518383615,565.0584880937552,1000.0000000000007,0.6395310334448183
23.9,317.93759622736036,114.13749482254347,567.9249089500968,1000.0000000000007,0.6358751924547202
24.0,316.13654741949046,113.098097192326,570.7653553881842,1000.0000000000007,0.6322730948389805
24.1,314.3620429158356,112.0581478400017,573.5798092441634,1000.0000000000007,0.6287240858316708
24.2,312.6137557047792,111.01798332781459,576.3682609674069,1000.0000000000007,0.6252275114095579
24.3,310.89135941242887,109.97793127061199,579.1307093169597,1000.0000000000006,0.6217827188248574
24.4,309.1945284834738,108.93831037265895,581.867161143868,1000.0000000000007,0.6183890569669471
24.5,307.522938439506,107.89943050892319,584.5776310515714,1000.0000000000006,0.6150458768790117
24.6,305.8762659184125,106.86159273682067,587.2621413447674,1000.0000000000007,0.6117525318368247
24.7,304.25418885637185,105.82508937261903,589.9207217710098,1000.0000000000007,0.6085083777127432
24.8,302.65638664311757,104.7902040535794,592.5534093033037,1000.0000000000007,0.6053127732862348
24.9,301.0825403332427,103.75721187082938,595.1602477959285,1000.0000000000007,0.602165080666485
25.0,299.53233270208773,102.72637940112443,597.7412878967885,1000.0000000000007,0.599064665404175
25.1,298.0054483419316,101.69796478292518,600.2965868751439,1000.0000000000007,0.5960108966838628
25.2,296.5015738161427,100.67221782435531,602.8262083595027,1000.0000000000007,0.593003147632285
25.3,295.0203977966687,99.64938014836123,605.3302220549708,1000.0000000000007,0.590040795593337
25.4,293.56161115025867,98.62968527728553,607.8087035724565,1000.0000000000007,0.587123222300517
25.5,292.12490697067176,97.61335867500706,610.2617343543219,1000.0000000000007,0.5842498139413431
25.6,290.70998071942336,96.60061791275793,612.6894013678194,1000.0000000000007,0.5814199614388463
25.7,289.31653030113887,95.59167278618693,615.0917969126749,1000.0000000000007,0.5786330606022774
25.8,287.94425616518714,94.58672547857745,617.4690183562361,1000.0000000000007,0.5758885123303739
25.9,286.59286131544303,93.5859705785967,619.821168105961,1000.0000000000007,0.5731857226308856
26.0,285.26205140022864,92.58959525338923,622.1483533463828,1000.0000000000007,0.5705241028004568
26.1,283.9515347695759,91.59777935694457,624.4506858734802,1000.0000000000007,0.5679030695391515
26.2,282.6610225563996,90.61069564794836,626.7282817956527,1000.0000000000007,0.5653220451127988
26.3,281.39022869443687,89.62850983343498,628.9812614721288,1000.0000000000007,0.5627804573888734
26.4,280.1388699477839,88.65138066530763,631.2097493869092,1000.0000000000007,0.5602777398955675
26.5,278.90666597709003,87.67946012434513,633.4138738985655,1000.0000000000007,0.5578133319541797
26.6,277.69333937142744,86.71289357883182,635.5937670497415,1000.0000000000007,0.5553866787428545
26.7,276.4986156832984,85.75181993742785,637.7495643792745,1000.0000000000007,0.5529972313665964
26.8,275.3222234313467,84.79637166645286,639.8814049022012,1000.0000000000007,0.550644446862693
26.9,274.16389414022854,83.84667500110072,641.9894308586714,1000.0000000000007,0.5483277882804567
27.0,273.0233623604092,82.90285004658273,644.0737875930088,1000.0000000000007,0.5460467247208179
27.1,271.900365688502,81.96501102003575,646.134623291463,1000.0000000000007,0.5438007313770037
27.2,270.79464477233137,81.033266295131,648.1720889325384,1000.0000000000007,0.5415892895446623
27.3,269.70594331525507,80.10771847498688,650.1863382097587,1000.0000000000007,0.5394118866305098
27.4,268.63400809897195,79.18846461492939,652.1775272860993,1000.0000000000007,0.5372680161979435
27.5,267.5785889813034,78.27559633456465,654.1458146841326,1000.0000000000007,0.5351571779626065
27.6,266.5394388952429,77.36920002730699,656.0913610774508,1000.0000000000007,0.5330788777904854
27.7,265.5163138491179,76.46935686732736,658.0143292835554,1000.0000000000007,0.5310326276982354
27.8,264.50897292364306,75.57614295260726,659.9148841237503,1000.0000000000007,0.5290179458472858
27.9,263.5171782789398,74.68962946504207,661.7931922560189,1000.0000000000007,0.5270343565578792
28.0,262.5406951339102,73.80988283786712,663.6494220282234,1000.0000000000007,0.5250813902678201
28.1,261.5792917537658,72.93696490696918,665.4837433392657,1000.0000000000007,0.5231585835075312
28.2,260.632739449945,72.0709329115532,667.2963276385025,1000.0000000000007,0.5212654788998896
28.3,259.70081256414466,71.2118396691184,669.0873477667376,1000.0000000000007,0.5194016251282889
28.4,258.78328846878867,70.35973369285423,670.8569778383578,1000.0000000000007,0.517566576937577
28.5,257.8799475295971,69.51465937876215,672.6053930916414,1000.0000000000007,0.5157598950591938
28.6,256.99057308532906,68.67665713577458,674.332769778897,1000.0000000000007,0.5139811461706578
28.7,256.1149514477826,67.8457633857547,676.0392851664634,1000.0000000000007,0.5122299028955648
28.8,255.25287187919125,67.02201070576628,677.7251174150431,1000.0000000000007,0.5105057437583821
28.9,254.40412658079623,66.20542798261162,679.3904454365928,1000.0000000000007,0.5088082531615921
29.0,253.56851065662605,65.39604053204604,681.0354488113286,1000.0000000000007,0.5071370213132518
29.1,252.74582207428034,64.59387027201801,682.6603076537023,1000.0000000000007,0.5054916441485603
29.2,251.9358616648842,63.798935722902954,684.2652026122136,1000.0000000000007,0.503871723329768
29.3,251.13843310981463,63.011252066212954,685.850314823973,1000.0000000000006,0.502276866219629
29.4,250.35334289908036,62.23083138395797,687.4158257169622,1000.0000000000006,0.5007066857981605
29.5,249.58040032591114,61.45768266382413,688.9619170102653,1000.0000000000006,0.499160800651822
29.6,248.81941741483624,60.691812033767775,690.4887705513966,1000.0000000000006,0.4976388348296722
29.7,248.07020891690422,59.93322277990575,691.9965683031907,1000.0000000000007,0.4961404178338081
29.8,247.3325923084762,59.181915350583985,693.4854923409404,1000.0000000000006,0.4946651846169521
29.9,246.60638773926541,58.43788755843006,694.955724702305,1000.0000000000005,0.4932127754785306
30.0,245.8914180313404,57.70113462771531,696.4074473409448,1000.0000000000006,0.49178283606268053
30.1,245.18750861073647,56.97164935521573,697.8408420340484,1000.0000000000006,0.49037501722147264
30.2,244.49448747647398,56.2494222010238,699.2560903225027,1000.0000000000005,0.48898897495294774
30.3,243.81218520055808,55.534441288548486,700.653373510894,1000.0000000000005,0.48762437040111595
30.4,243.14043490680584,54.82669247018657,702.0328726230081,1000.0000000000005,0.48628086981361146
30.5,242.47907222010969,54.12615952165066,703.3947682582402,1000.0000000000006,0.4849581444402191
30.6,241.82793525396883,53.43282414805619,704.7392405979755,1000.0000000000005,0.48365587050793746
30.7,241.18686453801854,52.74666615456541,706.0664693074166,1000.0000000000005,0.4823737290760369
30.8,240.5557030151526,52.0676634541239,707.376633530724,1000.0000000000005,0.481111406030305
30.9,239.9342960366241,51.395792080079055,708.6699118832973,1000.0000000000005,0.47986859207324795
31.0,239.32249130256494,50.73102636251561,709.94648233492,1000.0000000000006,0.4786449826051296
31.1,238.72013886040673,50.0733389437023,711.2065221958915,1000.0000000000005,0.47744027772081327
31.2,238.12709102866432,49.422700920270394,712.4502080510658,1000.0000000000006,0.4762541820573284
31.3,237.54320238006713,48.77908188078937,713.677715739144,1000.0000000000005,0.47508640476013403
31.4,236.96832974123546,48.142449906476905,714.8892203522881,1000.0000000000005,0.4739366594824707
31.5,236.4023321471136,47.512771684710025,716.0848961681768,1000.0000000000005,0.472804664294227
31.6,235.84507082336484,46.89001257581396,717.2649166008216,1000.0000000000005,0.47169014164672945
31.7,235.29640913015868,46.27413669502148,718.4294541748203,1000.0000000000005,0.4705928182603171
31.8,234.7562125276612,45.66510697818179,719.5786804941575,1000.0000000000005,0.4695124250553222
31.9,234.22434857603523,45.062885181760755,720.7127662422045,1000.0000000000005,0.4684486971520702
32.0,233.70068690524647,44.467431949069926,721.8318811456841,1000.0000000000005,0.46740137381049274
32.1,233.18509918030534,43.87870690727636,722.9361939124188,1000.0000000000006,0.46637019836061044
32.2,232.67745906554515,43.29666870653916,724.0258722279162,1000.0000000000006,0.46535491813109003
32.3,232.1776421784438,42.72127509662555,725.1010827249312,1000.0000000000005,0.4643552843568874
32.4,231.68552608948602,42.15248292717361,726.1619909833408,1000.0000000000005,0.46337105217897184
32.5,231.20099029845906,41.59024819438739,727.2087615071541,1000.0000000000006,0.46240198059691784
32.6,230.72391619632617,41.03452613359785,728.2415576700765,1000.0000000000006,0.4614478323926521
32.7,230.25418703551833,40.48527124724778,729.2605417172344,1000.0000000000006,0.4605083740710364
32.8,229.79168788342372,39.94243737286976,730.2658747437071,1000.0000000000006,0.45958337576684716
32.9,229.33630562192786,39.405977683863945,731.2577166942087,1000.0000000000006,0.45867261124385544
33.0,228.88792892384444,38.87584473180705,732.236226344349,1000.0000000000005,0.45777585784768865
33.1,228.44644821909782,38.35199052170631,733.2015612591964,1000.0000000000006,0.45689289643819536
33.2,228.01175566250654,37.83436654057651,734.1538777969174,1000.0000000000005,0.4560235113250129
33.3,227.5837450940642,37.32292380953356,735.0933310964027,1000.0000000000005,0.4551674901881282
33.4,227.16231203869825,36.81761288415886,736.0200750771434,1000.0000000000005,0.45432462407739627
33.5,226.74735367766007,36.318383901892894,736.9342624204476,1000.0000000000005,0.45349470735531994
33.6,226.33876882499231,35.82518663229191,737.8360445427163,1000.0000000000005,0.4526775376499844
33.7,225.93645788634208,35.33797051336593,738.7255716002925,1000.0000000000005,0.45187291577268396
33.8,225.54032283182627,34.8566846838627,739.6029924843116,1000.0000000000006,0.4510806456636523
33.9,225.1502671946821,34.38127798506865,740.4684548202498,1000.0000000000006,0.45030053438936396
34.0,224.76619603727664,33.91169901431349,741.3221049484105,1000.0000000000007,0.449532392074553
34.1,224.38801593571975,33.44789615288278,742.164087911398,1000.0000000000006,0.4487760318714392
34.2,224.01563493246545,32.98981760669875,742.9945474608363,1000.0000000000005,0.4480312698649307
34.3,223.64896252269577,32.53741142116808,743.8136260561367,1000.0000000000006,0.4472979250453913
34.4,223.28790964862833,32.09062548845721,744.621464862915,1000.0000000000006,0.4465758192972564
34.5,222.93238866488474,31.649407600701238,745.4182037344145,1000.0000000000005,0.44586477732976926
34.6,222.58231332228291,31.213705465287667,746.20398121243,1000.0000000000006,0.4451646266445656
34.7,222.2375987250971,30.783466740057307,746.9789345348462,1000.0000000000006,0.4444751974501939
34.8,221.898161326931,30.358639037527592,747.7431996355419,1000.0000000000005,0.44379632265386176
34.9,221.56391891533113,29.939169943765254,748.4969111409042,1000.0000000000006,0.443127837830662
35.0,221.2347905856067,29.52500705818049,749.2402023562133,1000.0000000000005,0.4424695811712132
35.1,220.91069671370587,29.1160980084468,749.9732052778479,1000.0000000000006,0.4418213934274115
35.2,220.59155892948098,28.712390471891403,750.6960505986282,1000.0000000000006,0.4411831178589617
35.3,220.27730011486275,28.3138321773022,751.4088677078356,1000.0000000000006,0.44055460022972526
35.4,219.9678443772275,27.92037093723353,752.1117846855396,1000.0000000000007,0.4399356887544547
35.5,219.66311703481014,27.531954664826234,752.8049283003643,1000.0000000000007,0.43932623406961996
35.6,219.36304457908963,27.148531395175432,753.4884240257355,1000.0000000000006,0.438726089158179
35.7,219.06755466705195,26.770049291176065,754.1623960417726,1000.0000000000006,0.43813510933410366
35.8,218.7765761112942,26.39645665326212,754.8269672354444,1000.0000000000007,0.43755315222258806
35.9,218.49003885552432,26.027701949548575,755.4822591949278,1000.0000000000007,0.43698007771104835
36.0,218.2078739532565,25.663733824491754,756.1283922222524,1000.0000000000007,0.4364157479065127
36.1,217.9300135424552,25.304501113472913,756.7654853440725,1000.0000000000007,0.4358600270849101
36.2,217.65639084354083,24.949952844347216,757.3936563121126,1000.0000000000007,0.4353127816870814
36.3,217.3869401371696,24.60003825958322,758.0130216032478,1000.0000000000007,0.4347738802743389
36.4,217.1215967504639,24.25470682828731,758.6236964212494,1000.0000000000007,0.4342431935009275
36.5,216.8602970252047,23.913908258607595,759.2257947161884,1000.0000000000007,0.4337205940504091
36.6,216.6029783119052,23.57759250104338,759.819429187052,1000.0000000000006,0.4332059566238101
36.7,216.34957895875777,23.245709757262247,760.4047112839806,1000.0000000000007,0.43269915791751523
36.8,216.1000382928562,22.918210499320722,760.9817512078237,1000.0000000000006,0.43220007658571213
36.9,215.85429659781258,22.595045475067806,761.5506579271203,1000.0000000000007,0.4317085931956249
37.0,215.61229509647535,22.276165715259964,762.1115391882653,1000.0000000000006,0.43122459019295045
37.1,215.37397594760046,21.96152253568168,762.6645015167186,1000.0000000000007,0.4307479518952006
37.2,215.1392822258325,21.651067554074338,763.2096502200939,1000.0000000000007,0.4302785644516647
37.3,214.90815790765737,21.34475269551532,763.747089396828,1000.0000000000007,0.42981631581531443
37.4,214.68054784656417,21.042530198814934,764.2769219546216,1000.0000000000007,0.429361095693128
37.5,214.456397770492,20.744352617600494,764.7992496119082,1000.0000000000007,0.4289127955409837
37.6,214.23565426666775,20.450172830418705,765.3141729029142,1000.0000000000006,0.42847130853333526
37.7,214.0182647694338,20.15994404941088,765.821791181156,1000.0000000000007,0.42803652953886734
37.8,213.80417753537378,19.873619823555376,766.3222026410715,1000.0000000000007,0.4276083550707473
37.9,213.59334163656976,19.591154040519346,766.8155043229116,1000.0000000000007,0.42718668327313924
38.0,213.38570695248697,19.312500930874823,767.3017921166388,1000.0000000000006,0.4267714139049737
38.1,213.18122415481471,19.0376150788517,767.7811607663342,1000.0000000000007,0.42636244830962916
38.2,212.97984468930514,18.766451422877513,768.2537038878179,1000.0000000000006,0.42595968937861006
38.3,212.78152076225962,18.498965257757156,768.7195139799838,1000.0000000000007,0.42556304152451896
38.4,212.58620533703547,18.235112236043946,769.1786824269211,1000.0000000000005,0.42517241067407074
38.5,212.39385211843077,17.974848377115116,769.6312995044547,1000.0000000000006,0.4247877042368613
38.6,212.2044155397233,17.718130068105076,770.0774543921722,1000.0000000000006,0.4244088310794464
38.7,212.01785074472104,17.464914064667607,770.5172351906119,1000.0000000000006,0.42403570148944186
38.8,211.8341135856022,17.215157491474308,770.950728922924,1000.0000000000005,0.4236682271712042
38.9,211.65316060949257,16.968817848235833,771.3780215422721,1000.0000000000005,0.423306321218985
39.0,211.47494904800055,16.725853012108896,771.7991979398911,1000.0000000000006,0.42294989809600086
39.1,211.29943679787823,16.48622123651197,772.2143419656104,1000.0000000000006,0.4225988735957562
39.2,211.12658241803024,16.249881151348674,772.6235364306216,1000.0000000000005,0.4222531648360603
39.3,210.95634511916003,16.0167917663065,773.0268631145341,1000.0000000000007,0.4219126902383198
39.4,210.78868475411042,15.786912474325943,773.4244027715642,1000.0000000000006,0.4215773695082206
39.5,210.6235617995544,15.560203048894738,773.8162351515514,1000.0000000000006,0.4212471235991086
39.6,210.46093735084204,15.336623643888624,774.2024390052699,1000.0000000000006,0.42092187470168385
39.7,210.3007731150032,15.116134795008653,774.5830920899887,1000.0000000000006,0.4206015462300062
39.8,210.1430314004283,14.898697423425526,774.9582711761467,1000.0000000000005,0.4202860628008564
39.9,209.98767510160698,14.684272832384805,775.3280520660088,1000.0000000000006,0.41997535020321375
40.0,209.83466769112758,14.47282270627614,775.6925096025968,1000.0000000000006,0.4196693353822549
40.1,209.68397321547906,14.264309111103133,776.0517176734184,1000.0000000000006,0.41936794643095787
40.2,209.5355562840746,14.058694497398525,776.4057492185274,1000.0000000000005,0.419071112568149
40.3,209.3893820572838,13.855941697035881,776.7546762456808,1000.0000000000005,0.4187787641145674
40.4,209.24541623603383,13.656013921152445,777.0985698428143,1000.0000000000006,0.4184908324720674
40.5,209.10362505917723,13.458874760191275,777.4375001806321,1000.0000000000007,0.4182072501183542
40.6,208.96397529302706,13.264488185742897,777.7715365212306,1000.0000000000006,0.41792795058605386
40.7,208.8264342214977,13.072818547941749,778.1007472305612,1000.0000000000007,0.4176528684429951
40.8,208.6909696344205,12.883830572184182,778.4251997933959,1000.0000000000006,0.41738193926884076
40.9,208.55754982558562,12.697489358949476,778.7449608154656,1000.0000000000007,0.41711509965117094
41.0,208.42614358326367,12.513760384619696,779.0600960321173,1000.0000000000007,0.41685228716652706
41.1,208.29672018178954,12.332609499461878,779.3706703187493,1000.0000000000007,0.4165934403635788
41.2,208.1692493693597,12.154002923305447,779.6767477073355,1000.0000000000007,0.41633849873871914
41.3,208.04370136622012,11.97790724517679,779.9783913886037,1000.0000000000006,0.41608740273244
41.4,207.92004685631306,11.80428942329096,780.2756637203966,1000.0000000000006,0.41584009371262587
41.5,207.79825697988403,11.633116783478375,780.5686262366382,1000.0000000000007,0.41559651395976777
41.6,207.6783033213045,11.464357014070375,780.8573396646258,1000.0000000000007,0.4153566066426087
41.7,207.56015790710617,11.297978165312465,781.141863927582,1000.0000000000007,0.41512031581421205
41.8,207.44379319873664,11.133948648749799,781.4222581525141,1000.0000000000006,0.41488758639747303
41.9,207.32918208589723,10.972237235920836,781.6985806781826,1000.0000000000007,0.4146583641717942
42.0,207.21629787477016,10.812813052713107,781.9708890725174,1000.0000000000007,0.41443259574954006
42.1,207.10511428574807,10.655645578504311,782.2392401357482,1000.0000000000006,0.4142102285714959
42.2,206.99560544721314,10.500704645142804,782.5036899076447,1000.0000000000007,0.413991210894426
42.3,206.88774588939611,10.347960435743023,782.7642936748614,1000.0000000000006,0.41377549177879197
42.4,206.7815105332542,10.197383478749034,783.0211059879973,1000.0000000000006,0.41356302106650816
42.5,206.676874687843,10.0489446467634,783.2741806653942,1000.0000000000006,0.41335374937568575
42.6,206.57381404500688,9.902615155285753,783.523570799708,1000.0000000000006,0.41314762809001354
42.7,206.4723046736109,9.758366561477244,783.7693287649124,1000.0000000000006,0.41294460934722155
42.8,206.37232300920897,9.61617075812738,784.0115062326643,1000.0000000000006,0.4127446460184177
42.9,206.27384585107,9.475999972152087,784.2501541767786,1000.0000000000007,0.41254769170213973
43.0,206.1768503576584,9.337826763212037,784.4853228791302,1000.0000000000007,0.4123537007153165
43.1,206.0813140411424,9.201624022353192,784.717061936505,1000.0000000000007,0.41216262808228454
43.2,205.9872147579075,9.06736496602296,784.9454202760701,1000.0000000000006,0.4119744295158148
43.3,205.894530705289,8.935023134243862,785.1704461604677,1000.0000000000006,0.41178906141057775
43.4,205.80324041772218,8.80457238919463,785.3921871930838,1000.0000000000007,0.4116064808354441
43.5,205.7133227614734,8.675986913673121,785.6106903248541,1000.0000000000006,0.41142664552294655
43.6,205.6247569259893,8.549241205259614,785.8260018687516,1000.0000000000006,0.41124951385197833
43.7,205.53752242041156,8.42431007419472,786.0381675053943,1000.0000000000006,0.4110750448408229
43.8,205.45159907028295,8.301168641974243,786.2472322877434,1000.0000000000006,0.4109031981405657
43.9,205.36696701247806,8.179792339614682,786.4532406479078,1000.0000000000006,0.4107339340249559
44.0,205.2836066873367,8.060156902019045,786.6562364106449,1000.0000000000006,0.4105672133746731
44.1,205.20149883504612,7.942238365605352,786.8562627993491,1000.0000000000006,0.41040299767009203
44.2,205.12062449279765,7.8260130669406465,787.0533624402623,1000.0000000000006,0.41024124898559505
44.3,205.0409649899173,7.711457640816858,787.2475773692664,1000.0000000000006,0.4100819299798344
44.4,204.96250194070436,7.598549014839716,787.4389490444565,1000.0000000000006,0.40992500388140846
44.5,204.88521724076898,7.487264406867503,787.6275183523641,1000.0000000000006,0.4097704344815377
44.6,204.8090930645372,7.377581323685788,787.8133256117776,1000.0000000000006,0.40961818612907414
44.7,204.73411186061048,7.2694775589309035,787.9964105804592,1000.0000000000006,0.4094682237212207
44.8,204.66025634520227,7.162931187887287,788.176812466911,1000.0000000000006,0.4093205126904043
44.9,204.58750949852026,7.0579205648069,788.3545699366734,1000.0000000000006,0.4091750189970403
45.0,204.51585456253252,6.954424321615136,788.5297211158529,1000.0000000000006,0.4090317091250648
45.1,204.4452750365813,6.852421365726287,788.702303597693,1000.0000000000006,0.4088905500731624
45.2,204.37575467131802,6.751890875022794,788.8723544536598,1000.0000000000006,0.4087515093426358
45.3,204.30727746520324,6.652812295123828,789.0399102396735,1000.0000000000006,0.40861455493040627
45.4,204.23982766246803,6.555165338111129,789.2050069994214,1000.0000000000005,0.40847965532493585
45.5,204.1733897489913,6.458929980275012,789.3676802707342,1000.0000000000006,0.40834677949798237
45.6,204.10794844665548,6.364086457251558,789.5279650960936,1000.0000000000006,0.4082158968933107
45.7,204.04348871001645,6.270615261299743,789.6858960286844,1000.0000000000006,0.40808697742003264
45.8,203.97999572441068,6.178497140036492,789.8415071355533,1000.0000000000005,0.40795999144882117
45.9,203.91745490209635,6.087713094146151,789.9948320037581,1000.0000000000007,0.4078349098041924
46.0,203.85585187696745,5.998244372654766,790.1459037503784,1000.0000000000006,0.4077117037539347
46.1,203.79517250143064,5.910072470266465,790.2947550283035,1000.0000000000006,0.40759034500286107
46.2,203.73540284461976,5.823179126097188,790.4414180292836,1000.0000000000005,0.4074708056892393
46.3,203.6765291887966,5.737546321376274,790.5859244898277,1000.0000000000006,0.40735305837759295
46.4,203.61853802437258,5.653156274839639,790.7283057007884,1000.0000000000006,0.40723707604874493
46.5,203.56141604701753,5.569991440168262,790.8685925128148,1000.0000000000006,0.4071228320940348
46.6,203.50515015595147,5.488034504710061,791.006815339339,1000.0000000000006,0.4070103003119027
46.7,203.44972745059863,5.407268387198723,791.1430041622032,1000.0000000000005,0.40689945490119706
46.8,203.39513522587436,5.327676233250306,791.2771885408758,1000.0000000000005,0.40679027045174854
46.9,203.3413609695427,5.249241412939208,791.4093976175186,1000.0000000000005,0.4066827219390852
47.0,203.28839236055956,5.171947519497645,791.5396601199433,1000.0000000000005,0.4065767847211189
47.1,203.23621726597466,5.09577836707437,791.6680043669515,1000.0000000000006,0.4064724345319491
47.2,203.184823736447,5.0207179863211,791.7944582772325,1000.0000000000006,0.4063696474728937
47.3,203.13420000386122,4.946750622135183,791.9190493740041,1000.0000000000005,0.40626840000772224
47.4,203.08433447970117,4.873860732325489,792.0418047879738,1000.0000000000005,0.4061686689594022
47.5,203.03521575219386,4.802032985432277,792.1627512623744,1000.0000000000006,0.4060704315043875
47.6,202.9868325820227,4.731252256391252,792.2819151615865,1000.0000000000005,0.40597366516404526
47.7,202.93917390020704,4.661503624465698,792.3993224753277,1000.0000000000005,0.4058783478004139
47.8,202.89222880649007,4.592772371870871,792.5149988216396,1000.0000000000005,0.40578445761297993
47.9,202.84598656671466,4.52504398166809,792.6289694516176,1000.0000000000005,0.40569197313342914
48.0,202.80043660871357,4.45830413350243,792.7412592577845,1000.0000000000005,0.40560087321742694
48.1,202.75556852044772,4.392538701737283,792.8518927778154,1000.0000000000003,0.4055111370408953
48.2,202.71137204840272,4.327733754035926,792.9608941975617,1000.0000000000005,0.4054227440968053
48.3,202.6678370951736,4.263875549329836,793.068287355497,1000.0000000000005,0.40533567419034705
48.4,202.6249537155281,4.200950533639322,793.174095750833,1000.0000000000005,0.40524990743105604
48.5,202.5827121147893,4.138945338412228,793.2783425467989,1000.0000000000005,0.4051654242295784
48.6,202.54110264723886,4.0778467790648625,793.3810505736967,1000.0000000000005,0.4050822052944775
48.7,202.5001158138871,4.017641853019266,793.4822423330941,1000.0000000000005,0.40500023162777404
48.8,202.45974225871043,3.9583177356216632,793.5819400056683,1000.0000000000005,0.40491948451742066
48.9,202.41997276725982,3.899861778680026,793.6801654540606,1000.0000000000005,0.40483994553451946
49.0,202.38079826507212,3.842261508968849,793.7769402259594,1000.0000000000003,0.4047615965301441
49.1,202.34220981560054,3.7855046263265635,793.8722855580733,1000.0000000000003,0.40468441963120094
49.2,202.30419861663188,3.72957899969031,793.9662223836782,1000.0000000000005,0.4046083972332636
49.3,202.26675599909902,3.6744726658216758,794.0587713350797,1000.0000000000003,0.4045335119981979
49.4,202.2298734255038,3.620173827781286,794.1499527467154,1000.0000000000005,0.4044597468510074
49.5,202.19354248798342,3.566670853075597,794.2397866589414,1000.0000000000005,0.40438708497596665
49.6,202.1577549049155,3.5139522698285397,794.3282928252564,1000.0000000000005,0.4043155098098308
49.7,202.122502519911,3.462006765680397,794.415490714409,1000.0000000000003,0.40424500503982186
49.8,202.0877773002528,3.4108231862393477,794.5013995135082,1000.0000000000003,0.40417555460050547
49.9,202.05357133507613,3.360390533266085,794.5860381316583,1000.0000000000005,0.4041071426701521
50.0,202.019876832169,3.3106979610034415,794.669425206828,1000.0000000000005,0.4040397536643378
50.1,201.98668611712222,3.261734775230285,794.751579107648,1000.0000000000005,0.40397337223424423
50.2,201.95399163178794,3.2134904316976574,794.8325179365148,1000.0000000000005,0.4039079832635757
50.3,201.92178593255423,3.1659545343402478,794.912259533106,1000.0000000000005,0.4038435718651083
50.4,201.89006168734895,3.1191168317841336,794.9908214808673,1000.0000000000005,0.4037801233746977
50.5,201.85881167492226,3.0729672165355795,795.0682211085426,1000.0000000000005,0.40371762334984435
50.6,201.8280287833308,3.027495723409716,795.1444754932598,1000.0000000000003,0.40365605756666145
50.7,201.79770600828851,2.9826925277590544,795.2196014639528,1000.0000000000003,0.4035954120165769
50.8,201.7678364503808,2.938547942177684,795.2936156074419,1000.0000000000003,0.4035356729007615
50.9,201.73841331445584,2.8950524158036024,795.366534269741,1000.0000000000005,0.4034768266289115
51.0,201.70942990813973,2.8521965327479974,795.4383735591127,1000.0000000000005,0.4034188598162793
51.1,201.68087964024883,2.8099710103327955,795.5091493494189,1000.0000000000005,0.4033617592804975
51.2,201.652756018219,2.7683666960068454,795.5788772857745,1000.0000000000003,0.4033055120364379
51.3,201.62505264758326,2.7273745667401217,795.6475727856771,1000.0000000000005,0.40325010529516636
51.4,201.5977632305227,2.686985727461566,795.7152510420162,1000.0000000000005,0.40319552646104523
51.5,201.57088156432914,2.6471914092997504,795.7819270263716,1000.0000000000005,0.4031417631286581
51.6,201.5444015390514,2.6079829667233128,795.8476154942258,1000.0000000000005,0.4030888030781026
51.7,201.51831713703808,2.569351877005502,795.9123309859569,1000.0000000000005,0.403036634274076
51.8,201.49262243153026,2.5312897386786983,795.9760878297915,1000.0000000000005,0.40298524486306037
51.9,201.46731158516423,2.493788269774146,796.0389001450621,1000.0000000000005,0.40293462317032824
52.0,201.44237884783502,2.4568393051954707,796.10078184697,1000.0000000000005,0.40288475769566984
52.1,201.41781855628548,2.4204347962326622,796.1617466474823,1000.0000000000005,0.40283563711257075
52.2,201.39362513274506,2.3845668090414813,796.2218080582139,1000.0000000000005,0.40278725026548995
52.3,201.36979308346608,2.3492275228801107,796.2809793936543,1000.0000000000005,0.40273958616693195
52.4,201.34631699680222,2.314409227720949,796.3392737754773,1000.0000000000005,0.4026926339936042
52.5,201.3231915428258,2.280104323794097,796.3967041333806,1000.0000000000005,0.4026463830856514
52.6,201.30041147201828,2.246305320100234,796.4532832078819,1000.0000000000005,0.4026008229440364
52.7,201.2779716138345,2.2130048326433367,796.5090235535226,1000.0000000000005,0.4025559432276688
52.8,201.255866874992,2.1801955822826984,796.5639375427257,1000.0000000000005,0.4025117337499838
52.9,201.23409223909997,2.1478703942869983,796.6180373666134,1000.0000000000003,0.4024681844781998
53.0,201.2126427654077,2.1160221968898645,796.6713350377028,1000.0000000000003,0.4024252855308153
53.1,201.19151358739225,2.084644019518676,796.7238423930894,1000.0000000000003,0.40238302717478436
53.2,201.17069991125234,2.0537289908856797,796.7755710978623,1000.0000000000003,0.40234139982250455
53.3,201.15019701553493,2.0232703385350086,796.8265326459305,1000.0000000000005,0.40230039403106965
53.4,201.13000024994727,1.993261387450903,796.8767383626023,1000.0000000000005,0.40226000049989435
53.5,201.11010503396474,1.9636955582829134,796.9261994077527,1000.0000000000005,0.4022202100679293
53.6,201.090506855522,1.934566365672436,796.974926778806,1000.0000000000005,0.4021810137110438
53.7,201.07120127062356,1.9058674177761914,797.0229313116007,1000.0000000000005,0.40214240254124695
53.8,201.05218390222694,1.8775924149382566,797.0702236828351,1000.0000000000003,0.40210436780445374
53.9,201.03345043886694,1.849735147911524,797.116814413222,1000.0000000000005,0.40206690087773367
54.0,201.01499663353547,1.822289496414007,797.1627138700509,1000.0000000000003,0.40202999326707084
54.1,200.9968183032646,1.7952494286134393,797.2079322681224,1000.0000000000005,0.40199363660652904
54.2,200.97891132808854,1.7686089998755328,797.2524796720363,1000.0000000000005,0.4019578226561769
54.3,200.9612716496803,1.7423623509806527,797.2963659993394,1000.0000000000003,0.40192254329936045
54.4,200.94389527041164,1.7165037069027076,797.339601022686,1000.0000000000003,0.40188779054082313
54.5,200.92677825289732,1.6910273762406351,797.3821943708624,1000.0000000000003,0.4018535565057945
54.6,200.9099167190453,1.6659277500568095,797.4241555308982,1000.0000000000003,0.40181983343809047
54.7,200.89330684870075,1.6411993000862823,797.4654938512133,1000.0000000000003,0.4017866136974014
54.8,200.87694487887705,1.616836577730087,797.5062185433933,1000.0000000000005,0.40175388975775395
54.9,200.86082710325218,1.5928342134211977,797.546338683327,1000.0000000000003,0.40172165420650424
55.0,200.84494987131552,1.5691869155668121,797.585863213118,1000.0000000000003,0.4016898997426309
55.1,200.82930958701502,1.5458894687473137,797.6248009442381,1000.0000000000005,0.40165861917402984
55.2,200.8139027081463,1.5229367329107832,797.6631605589433,1000.0000000000005,0.4016278054162924
55.3,200.79872574580776,1.50032364268088,797.7009506115118,1000.0000000000005,0.40159745149161535
55.4,200.78377526362482,1.4780452063808138,797.7381795299948,1000.0000000000005,0.40156755052724946
55.5,200.76904787642297,1.4560965042543053,797.7748556193231,1000.0000000000005,0.40153809575284577
55.6,200.754540249748,1.434472687828616,797.8109870624238,1000.0000000000005,0.40150908049949585
55.7,200.74024909929298,1.4131689791807485,797.8465819215266,1000.0000000000003,0.40148049819858583
55.8,200.72617119017528,1.3921806700137023,797.8816481398114,1000.0000000000005,0.4014523423803504
55.9,200.71230333566328,1.3715031199378545,797.9161935443992,1000.0000000000003,0.4014246066713264
56.0,200.6986423967988,1.3511317559666687,797.950225847235,1000.0000000000005,0.4013972847935974
56.1,200.6851852818073,1.3310620717558994,797.9837526464371,1000.0000000000002,0.4013703705636145
56.2,200.67192894541034,1.3112896267108067,798.0167814278792,1000.0000000000003,0.40134385789082055
56.3,200.65887038762563,1.2918100443570018,798.0493195680177,1000.0000000000003,0.4013177407752511
56.4,200.6460066534672,1.2726190119377185,798.0813743345955,1000.0000000000003,0.40129201330693426
56.5,200.6333348323484,1.2537122796380868,798.1129528880139,1000.0000000000003,0.40126666966469665
56.6,200.6208520574168,1.2350856597086115,798.144062282875,1000.0000000000005,0.40124170411483345
56.7,200.6085555044421,1.216735024946327,798.1747094706119,1000.0000000000003,0.4012171110088841
56.8,200.59644239157277,1.198656308366867,798.2049013000607,1000.0000000000003,0.4011928847831454
56.9,200.5845099787395,1.1808455024238422,798.234644518837,1000.0000000000002,0.40116901995747895
57.0,200.57275556700475,1.1632986581391427,798.2639457748564,1000.0000000000003,0.40114551113400937
57.1,200.56117649754637,1.1460118837083388,798.2928116187456,1000.0000000000003,0.4011223529950926
57.2,200.54977015145388,1.128981344224543,798.3212485043218,1000.0000000000002,0.4010995403029077
57.3,200.53853394913872,1.1122032609016337,798.3492627899599,1000.0000000000002,0.40107706789827735
57.4,200.52746534969256,1.0956739102058015,798.376860740102,1000.0000000000003,0.40105493069938497
57.5,200.51656184997236,1.07938962259345,798.4040485274345,1000.0000000000003,0.4010331236999446
57.6,200.50582098442044,1.063346782267163,798.4308322333126,1000.0000000000002,0.40101164196884076
57.7,200.4952403244877,1.0475418264106777,798.4572178491019,1000.0000000000002,0.4009904806489753
57.8,200.48481747799784,1.0319712443188724,798.4832112776835,1000.0000000000002,0.4009696349559956
57.9,200.47455008833464,1.0166315762717903,798.5088183353938,1000.0000000000002,0.4009491001766692
58.0,200.46443583427376,1.0015194133059135,798.5340447524205,1000.0000000000002,0.4009288716685474
58.1,200.45447242942427,0.9866313964684409,798.5588961741075,1000.0000000000002,0.4009089448588484
58.2,200.44465762159683,0.9719642159445637,798.5833781624589,1000.0000000000002,0.4008893152431936
58.3,200.43498919209227,0.957514610067742,798.6074961978402,1000.0000000000002,0.4008699783841845
58.4,200.42546495553455,0.9432793650918763,798.6312556793738,1000.0000000000002,0.400850929911069
58.5,200.41608275933584,0.9292553144724879,798.6546619261919,1000.0000000000002,0.40083216551867157
58.6,200.40684048306764,0.9154393379909282,798.6777201789416,1000.0000000000002,0.4008136809661352
58.7,200.39773603784778,0.9018283608983849,798.7004356012541,1000.0000000000002,0.4007954720756955
58.8,200.3887673661656,0.8884193536766338,798.722813280158,1000.0000000000002,0.40077753473233113
58.9,200.37993244137624,0.8752093313540102,798.74485822727,1000.0000000000002,0.4007598648827524
59.0,200.3712292670734,0.862195352626234,798.7665753803005,1000.0000000000002,0.4007424585341467
59.1,200.36265587657098,0.8493745191298399,798.7879696042994,1000.0000000000002,0.40072531175314186
59.2,200.35421033271297,0.8367439751808762,798.8090456921063,1000.0000000000002,0.40070842066542584
59.3,200.34589072740238,0.8243009071341103,798.8298083654637,1000.0000000000002,0.40069178145480466
59.4,200.33769518097475,0.8120425424995648,798.8502622765259,1000.0000000000002,0.4006753903619494
59.5,200.32962184176952,0.7999661493399819,798.8704120088906,1000.0000000000001,0.400659243683539
59.6,200.32166888591814,0.788069035978249,798.8902620781038,1000.0000000000002,0.4006433377718362
59.7,200.31383451691406,0.7763485504089244,798.9098169326772,1000.0000000000002,0.400627669033828
59.8,200.30611696498474,0.7648020794085824,798.9290809556069,1000.0000000000002,0.40061223392996936
59.9,200.29851448674776,0.7534270480510138,798.9480584652014,1000.0000000000001,0.4005970289734955
60.0,200.29102536497297,0.7422209193772255,798.9667537156499,1000.0000000000001,0.4005820507299459
60.1,200.28364790819734,0.7311811938653048,798.9851708979376,1000.0000000000002,0.4005672958163946
60.2,200.27638045009525,0.7203054085350951,799.0033141413699,1000.0000000000002,0.4005527609001904
60.3,200.2692213492115,0.709591136570543,799.0211875142181,1000.0000000000002,0.4005384426984229
60.4,200.26216898870254,0.6990359869594457,799.0387950243382,1000.0000000000002,0.400524337977405
60.5,200.2552217759836,0.688637604004348,799.0561406200122,1000.0000000000002,0.40051044355196713
60.6,200.24837814211327,0.6783936664445787,799.0732281914424,1000.0000000000002,0.40049675628422643
60.7,200.24163654158693,0.6683018871635292,799.0900615712497,1000.0000000000002,0.4004832730831738
60.8,200.23499545206462,0.6583600128082304,799.1066445351274,1000.0000000000002,0.40046999090412916
60.9,200.22845337403857,0.6485658233252146,799.1229808026364,1000.0000000000002,0.40045690674807705
61.0,200.22200883024618,0.6389171311207154,799.1390740386333,1000.0000000000002,0.40044401766049226
61.1,200.21566036550942,0.629411780832073,799.1549278536588,1000.0000000000003,0.4004313207310187
61.2,200.20940654645457,0.6200476489354511,799.1705458046102,1000.0000000000002,0.40041881309290905
61.3,200.2032459611928,0.6108226432958576,799.1859313955116,1000.0000000000002,0.40040649192238553
61.4,200.1971772187711,0.601734702379976,799.2010880788492,1000.0000000000003,0.40039435443754207
61.5,200.19119894904492,0.59278179507443,799.216019255881,1000.0000000000003,0.4003823978980897
61.6,200.18530980239535,0.5839619202882769,799.2307282773166,1000.0000000000002,0.4003706196047906
61.7,200.17950844941666,0.5752731065102947,799.2452184440733,1000.0000000000002,0.40035901689883324
61.8,200.17379358041214,0.5667134110838777,799.2594930085043,1000.0000000000002,0.4003475871608242
61.9,200.1681639052895,0.5582809200578418,799.273555174653,1000.0000000000003,0.4003363278105789
62.0,200.1626181532792,0.5499737477891739,799.2874080989319,1000.0000000000002,0.4003252363065583
62.1,200.1571550726262,0.5417900365035306,799.3010548908705,1000.0000000000002,0.4003143101452523
62.2,200.15177343013383,0.5337279556376398,799.3144986142288,1000.0000000000002,0.4003035468602676
62.3,200.14647201107383,0.5257857017108353,799.3277422872156,1000.0000000000003,0.4002929440221475
62.4,200.14124961890894,0.517961497932764,799.3407888831586,1000.0000000000002,0.4002824992378178
62.5,200.13610507498743,0.5102535937649804,799.3536413312479,1000.0000000000003,0.4002722101499747
62.6,200.13103721813593,0.5026602643332418,799.3663025175312,1000.0000000000003,0.4002620744362717
62.7,200.1260449045775,0.49517981031002883,799.3787752851127,1000.0000000000002,0.4002520898091549
62.8,200.1211270076617,0.48781055753147545,799.3910624348072,1000.0000000000003,0.40024225401532326
62.9,200.11628241756026,0.4805508565591266,799.403166725881,1000.0000000000003,0.4002325648351204
63.0,200.1115100409096,0.47339908216225757,799.4150908769285,1000.0000000000003,0.40022302008181904
63.1,200.10680880073073,0.46635363320334544,799.4268375660663,1000.0000000000003,0.40021361760146135
63.2,200.10217763616956,0.4594129322682777,799.4384094315625,1000.0000000000003,0.400204355272339
63.3,200.0976155021938,0.45257542522795735,799.4498090725785,1000.0000000000003,0.4001952310043875
63.4,200.0931213692833,0.44583958078915303,799.4610390499279,1000.0000000000003,0.40018624273856646
63.5,200.08869422334752,0.4392038903763127,799.4721018862765,1000.0000000000003,0.40017738844669487
63.6,200.0843330654788,0.43266686777905233,799.4830000667424,1000.0000000000002,0.40016866613095753
63.7,200.0800369116501,0.4262270487134552,799.4937360396368,1000.0000000000003,0.40016007382330004
63.8,200.07580479245104,0.41988299043889926,799.5043122171104,1000.0000000000003,0.4001516095849019
63.9,200.07163575299964,0.4136332716307479,799.51473097537,1000.0000000000003,0.40014327150599915
64.0,200.06752885271086,0.4074764920491898,799.5249946552403,1000.0000000000005,0.40013505770542157
64.1,200.06348316499484,0.401411272099912,799.5351055629056,1000.0000000000005,0.4001269663299895
64.2,200.05949777703668,0.395436252513704,799.54506597045,1000.0000000000003,0.4001189955540732
64.3,200.05557178969872,0.38955009420552955,799.5548781160961,1000.0000000000003,0.4001111435793973
64.4,200.05170431730755,0.38375147796887993,799.5645442047239,1000.0000000000003,0.40010340863461497
64.5,200.0478944873522,0.3780391040351262,799.574066408613,1000.0000000000003,0.40009578897470427
64.6,200.04414144030474,0.37241169181239137,799.5834468678833,1000.0000000000005,0.4000882828806093
64.7,200.0404443295109,0.36686797972730867,799.5926876907622,1000.0000000000005,0.40008088865902164
64.8,200.03680232099833,0.3614067249491301,799.601790954053,1000.0000000000005,0.4000736046419965
64.9,200.03321459317354,0.35602670294658123,799.6107587038803,1000.0000000000005,0.4000664291863469
65.0,200.02968033668057,0.3507267072815254,799.6195929560383,1000.0000000000005,0.40005936067336095
65.1,200.02619875428056,0.34550554943491424,799.6282956962849,1000.0000000000003,0.400052397508561
65.2,200.0227690606782,0.3403620585558752,799.6368688807663,1000.0000000000005,0.40004553812135624
65.3,200.01939048222238,0.33529508102343913,799.6453144367546,1000.0000000000005,0.40003878096444456
65.4,200.01606225679598,0.33030348028568146,799.6536342629188,1000.0000000000005,0.40003212451359177
65.5,200.01278363368863,0.3253861366748329,799.6618302296371,1000.0000000000006,0.40002556726737704
65.6,200.0095538734345,0.32054194717264684,799.6699041793934,1000.0000000000005,0.40001910774686883
65.7,200.00637224752424,0.3157698249877277,799.6778579274885,1000.0000000000005,0.4000127444950483
65.8,200.0032380383189,0.3110686994294421,799.6856932622521,1000.0000000000005,0.40000647607663764
65.9,200.00015053891792,0.3064375157165764,799.693411945366,1000.0000000000006,0.40000030107783563
66.0,199.9971090530051,0.3018752347530803,799.7010157122423,1000.0000000000005,0.39999421810601
66.1,199.9941128945764,0.29738083272839777,799.7085062726957,1000.0000000000005,0.3999882257891526
66.2,199.9911613878716,0.29295330101737044,799.7158853111115,1000.0000000000005,0.399982322775743
66.3,199.98825386724076,0.28859164598591047,799.7231544867739,1000.0000000000006,0.3999765077344813
66.4,199.9853896769947,0.28429488877323533,799.7303154342326,1000.0000000000006,0.3999707793539892
66.5,199.98256817115254,0.2800620649200097,799.737369763928,1000.0000000000005,0.3999651363423049
66.6,199.97978871338586,0.275892224287096,799.7443190623275,1000.0000000000005,0.3999595774267715
66.7,199.9770506768854,0.27178443086098686,799.7511648922541,1000.0000000000005,0.39995410135377063
66.8,199.9743534442149,0.2677377625401681,799.7579087932454,1000.0000000000005,0.3999487068884296
66.9,199.97169640707943,0.26375131079382125,799.7645522821272,1000.0000000000005,0.3999433928141587
67.0,199.9690789662788,0.25982418059365203,799.771096853128,1000.0000000000005,0.39993815793255744
67.1,199.9665005315756,0.2559554902213275,799.7775439782035,1000.0000000000005,0.39993300106315105
67.2,199.96396052155154,0.25214437105761267,799.7838951073913,1000.0000000000005,0.3999279210431029
67.3,199.96145836339738,0.24838996727288443,799.7901516693303,1000.0000000000006,0.39992291672679453
67.4,199.9589934928722,0.24469143576735927,799.7963150713609,1000.0000000000005,0.3999179869857442
67.5,199.95656535417444,0.24104794598244247,799.8023866998436,1000.0000000000005,0.3999131307083487
67.6,199.95417339979977,0.23745867969197,799.8083679205088,1000.0000000000005,0.39990834679959936
67.7,199.95181709035307,0.2339228307246259,799.8142600789229,1000.0000000000006,0.3999036341807059
67.8,199.94949589451085,0.23043960490885193,799.8200645005809,1000.0000000000006,0.39989899178902144
67.9,199.94720928889612,0.2270082198897397,799.8257824912147,1000.0000000000006,0.399894418577792
68.0,199.94495675793806,0.2236279049221346,799.8314153371404,1000.0000000000006,0.3998899135158759
68.1,199.9427377937051,0.22029790062424273,799.8369643056712,1000.0000000000006,0.39988547558741
68.2,199.94055189586865,0.2170174589242524,799.8424306452076,1000.0000000000006,0.3998811037917371
68.3,199.9383985715829,0.21378584288425526,799.8478155855333,1000.0000000000005,0.3998767971431656
68.4,199.9362773353459,0.21060232649514868,799.8531203381594,1000.0000000000005,0.3998725546706916
68.5,199.93418770885322,0.20746619446018622,799.8583460966871,1000.0000000000005,0.39986837541770626
68.6,199.93212922096103,0.20437674214097987,799.8634940368985,1000.0000000000005,0.39986425844192186
68.7,199.9301014075721,0.2013332753897753,799.8685653170386,1000.0000000000005,0.399860202815144
68.8,199.928103811498,0.19833511034620258,799.8735610781563,1000.0000000000005,0.39985620762299584
68.9,199.92613598233217,0.19538157324913896,799.8784824444191,1000.0000000000005,0.39985227196466416
69.0,199.92419747641148,0.192472000380307,799.8833305232087,1000.0000000000005,0.39984839495282276
69.1,199.9222878567087,0.18960573790611426,799.8881064053857,1000.0000000000005,0.3998445757134172
69.2,199.92040669269636,0.18678214167627458,799.8928111656279,1000.0000000000006,0.3998408133853925
69.3,199.91855356023765,0.18400057706217515,799.8974458627007,1000.0000000000005,0.39983710712047515
69.4,199.91672804154555,0.18126041889670433,799.9020115395582,1000.0000000000005,0.3998334560830909
69.5,199.91492972508263,0.1785610513267676,799.9065092235911,1000.0000000000005,0.3998298594501651
69.6,199.91315820542638,0.17590186761374232,799.9109399269604,1000.0000000000005,0.3998263164108526
69.7,199.91141308317677,0.1732822699964363,799.9153046468273,1000.0000000000005,0.39982282616635334
69.8,199.9096939649121,0.17070166962617392,799.9196043654622,1000.0000000000005,0.399819387929824
69.9,199.908000463097,0.16815948643095666,799.9238400504726,1000.0000000000006,0.3998160009261938
70.0,199.90633219594892,0.16565514891764976,799.9280126551339,1000.0000000000005,0.39981266439189767
70.1,199.9046887873611,0.163188094057608,799.9321231185819,1000.0000000000006,0.39980937757472196
70.2,199.90306986685476,0.16075776721635282,799.9361723659295,1000.0000000000006,0.3998061397337093
70.3,199.9014750694958,0.15836362203022394,799.9401613084746,1000.0000000000006,0.39980295013899136
70.4,199.89990403576226,0.15600512021010876,799.9440908440282,1000.0000000000006,0.3997998080715243
70.5,199.8983564114813,0.1536817314476453,799.9479618570716,1000.0000000000006,0.39979671282296236
70.6,199.89683184777837,0.15139293334016457,799.951775218882,1000.0000000000005,0.3997936636955566
70.7,199.89533000100113,0.1491382112783732,799.955531787721,1000.0000000000006,0.39979066000200203
70.8,199.8938505325897,0.14691705825353601,799.9592324091573,1000.0000000000005,0.39978770106517925
70.9,199.89239310902516,0.14472897478104094,799.9628779161943,1000.0000000000005,0.39978478621805014
71.0,199.8909574017768,0.14257346882229616,799.9664691294015,1000.0000000000006,0.39978191480355335
71.1,199.88954308723163,0.14045005568069296,799.9700068570883,1000.0000000000006,0.399779086174463
71.2,199.8881498465692,0.13835825781522834,799.9734918956161,1000.0000000000006,0.39977629969313816
71.3,199.88677736571927,0.13629760477786407,799.9769250295034,1000.0000000000005,0.39977355473143833
71.4,199.8854253353081,0.13426763313386614,799.9803070315586,1000.0000000000006,0.39977085067061596
71.5,199.88409345059247,0.13226788636411424,799.983638663044,1000.0000000000006,0.3997681869011847
71.6,199.88278141133995,0.1302979146871549,799.9869206739734,1000.0000000000005,0.3997655628226797
71.7,199.88148892179424,0.1283572750074524,799.9901538031988,1000.0000000000006,0.3997629778435883
71.8,199.88021569062101,0.12644553083534374,799.9933387785442,1000.0000000000006,0.3997604313812418
71.9,199.87896143084546,0.1245622521943506,799.9964763169606,1000.0000000000005,0.39975792286169076
72.0,199.87772585973926,0.1227070154528893,799.9995671248083,1000.0000000000005,0.39975545171947835
72.1,199.87650869879135,0.12087940328107347,800.0026118979281,1000.0000000000005,0.3997530173975825
72.2,199.87530967365453,0.11907900457119219,800.0056113217748,1000.0000000000006,0.3997506193473088
72.3,199.87412851408567,0.11730541434913702,800.0085660715657,1000.0000000000006,0.39974825702817113
72.4,199.87296495383956,0.1155582336163908,800.0114768125446,1000.0000000000006,0.3997459299076789
72.5,199.8718187306444,0.11383706931351757,800.0143442000427,1000.0000000000007,0.39974363746128855
72.6,199.8706895861491,0.11214153424187086,800.0171688796096,1000.0000000000006,0.39974137917229796
72.7,199.86957726586598,0.11047124697855616,800.019951487156,1000.0000000000006,0.39973915453173176
72.8,199.86848151907174,0.10882583172889407,800.0226926491999,1000.0000000000006,0.39973696303814327
72.9,199.86740209878647,0.10720491829510435,800.025392982919,1000.0000000000006,0.39973480419757274
73.0,199.8663387617221,0.1056081419997996,800.0280530962787,1000.0000000000006,0.39973267752344394
73.1,199.86529126822725,0.10403514360413,800.0306735881692,1000.0000000000006,0.39973058253645427
73.2,199.8642593821954,0.10248556917058131,800.0332550486346,1000.0000000000006,0.3997285187643906
73.3,199.8632428710464,0.10095907003569246,800.0357980589184,1000.0000000000005,0.39972648574209263
73.4,199.8622415056765,0.09945530273574926,800.0383031915883,1000.0000000000006,0.39972448301135277
73.5,199.86125506040543,0.09797392892791898,800.0407710106672,1000.0000000000006,0.3997225101208106
73.6,199.8602833128909,0.09651461526301364,800.0432020718466,1000.0000000000006,0.3997205666257816
73.7,199.85932604411263,0.09507703336133497,800.0455969225267,1000.0000000000007,0.399718652088225
73.8,199.85838303832386,0.09366085974088711,800.0479561019358,1000.0000000000006,0.3997167660766475
73.9,199.85745408300042,0.09226577574140421,800.0502801412588,1000.0000000000006,0.39971490816600064
74.0,199.8565389687618,0.09089146740655511,800.0525695638322,1000.0000000000006,0.3997130779375234
74.1,199.85563748935652,0.08953762546222437,800.0548248851819,1000.0000000000007,0.3997112749787128
74.2,199.85474944161578,0.08820394524746966,800.0570466131373,1000.0000000000006,0.3997094988832313
74.3,199.8538746254043,0.08689012664142229,800.0592352479549,1000.0000000000007,0.3997077492508083
74.4,199.85301284354745,0.08559587395429603,800.0613912824989,1000.0000000000007,0.3997060256870946
74.5,199.85216390181785,0.08432089590759462,800.0635152022752,1000.0000000000007,0.3997043278036354
74.6,199.851327608891,0.08306490556796502,800.0656074855416,1000.0000000000006,0.3997026552177818
74.7,199.85050377629818,0.08182762027698695,800.0676686034254,1000.0000000000006,0.39970100755259613
74.8,199.8496922183588,0.0806087615502983,800.0696990200915,1000.0000000000007,0.3996993844367173
74.9,199.84889275216833,0.07940805505934943,800.0716991927729,1000.0000000000007,0.3996977855043364
75.0,199.84810519755575,0.07822523056824712,800.0736695718766,1000.0000000000007,0.3996962103951112
75.1,199.8473293770386,0.07706002186647586,800.0756106010956,1000.0000000000007,0.3996946587540769
75.2,199.84656511576017,0.07591216667541562,800.077522717565,1000.0000000000006,0.3996931302315201
75.3,199.84581224147843,0.07478140663138519,800.0794063518908,1000.0000000000007,0.3996916244829566
75.4,199.84507058452536,0.07366748722551072,800.0812619282498,1000.0000000000007,0.39969014116905044
75.5,199.84433997776418,0.07257015773943844,800.0830898644971,1000.0000000000007,0.3996886799555281
75.6,199.84362025653095,0.07148917115851845,800.0848905723112,1000.0000000000007,0.39968724051306165
75.7,199.84291125862427,0.07042428415595826,800.0866644572205,1000.0000000000008,0.3996858225172482
75.8,199.84221282426665,0.06937525703571627,800.0884119186984,1000.0000000000008,0.399684425648533
75.9,199.8415247960638,0.06834185367126251,800.0901333502657,1000.0000000000007,0.3996830495921273
76.0,199.84084701895026,0.06732384142472064,800.0918291396257,1000.0000000000007,0.3996816940379002
76.1,199.84017934017967,0.06632099113201673,800.093499668689,1000.0000000000007,0.39968035868035906
76.2,199.83952160928837,0.06533307704876057,800.0951453136636,1000.0000000000007,0.39967904321857645
76.3,199.8388736780565,0.06435987679211666,800.0967664451521,1000.0000000000007,0.3996777473561127
76.4,199.83823540045748,0.0634011712652167,800.0983634282779,1000.0000000000007,0.3996764708009147
76.5,199.8376066326487,0.062456744643238464,800.0999366227088,1000.0000000000007,0.3996752132652971
76.6,199.83698723293702,0.06152638432221261,800.1014863827414,1000.0000000000007,0.39967397446587377
76.7,199.83637706174235,0.06060988086405724,800.1030130573943,1000.0000000000007,0.3996727541234844
76.8,199.8357759815499,0.059707027925617606,800.1045169905252,1000.0000000000007,0.3996715519630995
76.9,199.83518385690152,0.058817622245629766,800.1059985208535,1000.0000000000007,0.39967036771380277
77.0,199.83460055436342,0.05794146359638036,800.1074579820408,1000.0000000000007,0.39966920110872656
77.1,199.83402594249142,0.057078354731948784,800.1088957027773,1000.0000000000007,0.39966805188498256
77.2,199.83345989178628,0.056228101321271894,800.1103120068931,1000.0000000000007,0.39966691978357227
77.3,199.8329022746855,0.05539051193596616,800.1117072133792,1000.0000000000007,0.39966580454937073
77.4,199.8323529655329,0.05456539800475504,800.113081636463,1000.0000000000007,0.3996647059310655
77.5,199.83181184054604,0.053752573764953945,800.1144355856896,1000.0000000000007,0.3996636236810918
77.6,199.83127877777392,0.05295185619901044,800.1157693660277,1000.0000000000007,0.3996625575555476
77.7,199.83075365708933,0.05216306502315254,800.1170832778882,1000.0000000000007,0.3996615073141784
77.8,199.83023636016014,0.05138602264450685,800.1183776171961,1000.0000000000007,0.39966047272032
77.9,199.8297267704191,0.050620554115839135,800.1196526754658,1000.0000000000007,0.3996594535408379
78.0,199.8292247730233,0.04986648707508251,800.1209087399022,1000.0000000000007,0.39965844954604635
78.1,199.82873025484733,0.04912365173476627,800.1221460934186,1000.0000000000007,0.39965746050969436
78.2,199.8282431044561,0.04839188084175219,800.1233650147028,1000.0000000000007,0.3996564862089119
78.3,199.82776321207692,0.047671009635231576,800.1245657782885,1000.0000000000006,0.3996555264241536
78.4,199.82729046956072,0.046960875788811,800.1257486546511,1000.0000000000007,0.39965458093912115
78.5,199.8268247703755,0.04626131940065555,800.1269139102245,1000.0000000000007,0.3996536495407507
78.6,199.82636600958116,0.0455721829557859,800.1280618074637,1000.0000000000007,0.39965273201916207
78.7,199.8259140838035,0.04489331128730597,800.1291926049099,1000.0000000000007,0.3996518281676067
78.8,199.82546889119703,0.044224551520692115,800.130306557283,1000.0000000000007,0.3996509377823938
78.9,199.82503033143882,0.043565753064543966,800.1314039154972,1000.0000000000006,0.39965006066287745
79.0,199.82459830570505,0.04291676757541008,800.1324849267202,1000.0000000000007,0.39964919661140985
79.1,199.82417271664698,0.04227744892219102,800.1335498344315,1000.0000000000007,0.3996483454332937
79.2,199.82375346835533,0.04164765313235361,800.134598878513,1000.0000000000007,0.3996475069367104
79.3,199.82334046635427,0.04102723838314476,800.1356322952632,1000.0000000000007,0.3996466809327083
79.4,199.8229336175795,0.040416064968932026,800.1366503174522,1000.0000000000007,0.39964586723515877
79.5,199.82253283035672,0.03981399526869566,800.1376531743753,1000.0000000000007,0.3996450656607132
79.6,199.82213801436677,0.039220893693979415,800.1386410919399,1000.0000000000007,0.39964427602873326
79.7,199.82174908064036,0.038636626680988884,800.1396142926794,1000.0000000000008,0.3996434981612804
79.8,199.82136594153783,0.03806106266032433,800.1405729958026,1000.0000000000007,0.3996427318830754
79.9,199.82098851072482,0.037494072020506454,800.1415174172554,1000.0000000000007,0.3996419770214494
80.0,199.82061670314823,0.036935527071873045,800.1424477697806,1000.0000000000007,0.3996412334062962
