family,N,I0,beta,c,gamma,T,seed,fixed,sigma,mu,birth_rate,vaccine_time,vaccine_fraction,peak_I,peak_time,S_T,E_T,I_T,R_T,R_fraction,ever_infected,new_infections,births,deaths,vaccinated,contacts,events,extinct,csv
vaccination,1000,10,0.05,10.0,0.25,40.0,5001,false,Inf,0.0,0.0,0.0,0.0,177,17.62277584258143,202,0,22,776,0.776,798,788,0,0,0,213036,1564,false,data/sims/vaccination_N=1000_I0=10_beta=0p05_c=10p0_gamma=0p25_T=40p0_seed=5001_fixed=false_sigma=Inf_mu=0p0_br=0p0_vt=0p0_vf=0p0.csv
vaccination,1000,10,0.05,10.0,0.25,40.0,5002,false,Inf,0.0,0.0,0.0,0.0,161,14.225568649849501,233,0,7,760,0.76,767,757,0,0,0,189980,1517,false,data/sims/vaccination_N=1000_I0=10_beta=0p05_c=10p0_gamma=0p25_T=40p0_seed=5002_fixed=false_sigma=Inf_mu=0p0_br=0p0_vt=0p0_vf=0p0.csv
vaccination,1000,10,0.05,10.0,0.25,40.0,5003,false,Inf,0.0,0.0,0.0,0.0,186,14.586394441202582,209,0,12,779,0.779,791,781,0,0,0,193995,1560,false,data/sims/vaccination_N=1000_I0=10_beta=0p05_c=10p0_gamma=0p25_T=40p0_seed=5003_fixed=false_sigma=Inf_mu=0p0_br=0p0_vt=0p0_vf=0p0.csv
vaccination,1000,10,0.05,10.0,0.25,40.0,5004,false,Inf,0.0,0.0,0.0,0.0,188,22.762844960524774,177,0,24,799,0.799,823,813,0,0,0,217597,1612,false,data/sims/vaccination_N=1000_I0=10_beta=0p05_c=10p0_gamma=0p25_T=40p0_seed=5004_fixed=false_sigma=Inf_mu=0p0_br=0p0_vt=0p0_vf=0p0.csv
vaccination,1000,10,0.05,10.0,0.25,40.0,5005,false,Inf,0.0,0.0,0.0,0.0,182,27.902900449467847,227,0,34,739,0.739,773,763,0,0,0,271309,1502,false,data/sims/vaccination_N=1000_I0=10_beta=0p05_c=10p0_gamma=0p25_T=40p0_seed=5005_fixed=false_sigma=Inf_mu=0p0_br=0p0_vt=0p0_vf=0p0.csv
vaccination,1000,10,0.05,10.0,0.25,40.0,5006,false,Inf,0.0,0.0,0.0,0.0,138,23.772373511590583,245,0,46,709,0.709,755,745,0,0,0,264230,1454,false,data/sims/vaccination_N=1000_I0=10_beta=0p05_c=10p0_gamma=0p25_T=40p0_seed=5006_fixed=false_sigma=Inf_mu=0p0_br=0p0_vt=0p0_vf=0p0.csv
vaccination,1000,10,0.05,10.0,0.25,40.0,5007,false,Inf,0.0,0.0,0.0,0.0,194,16.113795811929812,179,0,9,812,0.812,821,811,0,0,0,179961,1623,false,data/sims/vaccination_N=1000_I0=10_beta=0p05_c=10p0_gamma=0p25_T=40p0_seed=5007_fixed=false_sigma=Inf_mu=0p0_br=0p0_vt=0p0_vf=0p0.csv
vaccination,1000,10,0.05,10.0,0.25,40.0,5008,false,Inf,0.0,0.0,0.0,0.0,207,16.412874855012515,181,0,14,805,0.805,819,809,0,0,0,194614,1614,false,data/sims/vaccination_N=1000_I0=10_beta=0p05_c=10p0_gamma=0p25_T=40p0_seed=5008_fixed=false_sigma=Inf_mu=0p0_br=0p0_vt=0p0_vf=0p0.csv
vaccination,1000,10,0.05,10.0,0.25,40.0,5009,false,Inf,0.0,0.0,0.0,0.0,148,12.466514727102108,199,0,15,786,0.786,801,791,0,0,0,203827,1577,false,data/sims/vaccination_N=1000_I0=10_beta=0p05_c=10p0_gamma=0p25_T=40p0_seed=5009_fixed=false_sigma=Inf_mu=0p0_br=0p0_vt=0p0_vf=0p0.csv
vaccination,1000,10,0.05,10.0,0.25,40.0,5010,false,Inf,0.0,0.0,0.0,0.0,151,33.72965701850054,276,0,76,648,0.648,724,714,0,0,0,291603,1362,false,data/sims/vaccination_N=1000_I0=10_beta=0p05_c=10p0_gamma=0p25_T=40p0_seed=5010_fixed=false_sigma=Inf_mu=0p0_br=0p0_vt=0p0_vf=0p0.csv
vaccination,1000,10,0.05,10.0,0.25,40.0,5001,false,Inf,0.0,0.0,0.0,0.25,92,22.19016631467336,261,0,35,704,0.704,492,482,0,0,247,208079,1186,false,data/sims/vaccination_N=1000_I0=10_beta=0p05_c=10p0_gamma=0p25_T=40p0_seed=5001_fixed=false_sigma=Inf_mu=0p0_br=0p0_vt=0p0_vf=0p25.csv
vaccination,1000,10,0.05,10.0,0.25,40.0,5002,false,Inf,0.0,0.0,0.0,0.25,88,18.719690369318013,257,0,14,729,0.729,496,486,0,0,247,184682,1215,false,data/sims/vaccination_N=1000_I0=10_beta=0p05_c=10p0_gamma=0p25_T=40p0_seed=5002_fixed=false_sigma=Inf_mu=0p0_br=0p0_vt=0p0_vf=0p25.csv
vaccination,1000,10,0.05,10.0,0.25,40.0,5003,false,Inf,0.0,0.0,0.0,0.25,81,17.739009175550866,329,0,24,647,0.647,424,414,0,0,247,204669,1061,false,data/sims/vaccination_N=1000_I0=10_beta=0p05_c=10p0_gamma=0p25_T=40p0_seed=5003_fixed=false_sigma=Inf_mu=0p0_br=0p0_vt=0p0_vf=0p25.csv
vaccination,1000,10,0.05,10.0,0.25,40.0,5004,false,Inf,0.0,0.0,0.0,0.25,74,29.74582618572897,319,0,13,668,0.668,434,424,0,0,247,203841,1092,false,data/sims/vaccination_N=1000_I0=10_beta=0p05_c=10p0_gamma=0p25_T=40p0_seed=5004_fixed=false_sigma=Inf_mu=0p0_br=0p0_vt=0p0_vf=0p25.csv
vaccination,1000,10,0.05,10.0,0.25,40.0,5005,false,Inf,0.0,0.0,0.0,0.25,58,36.692129353798734,437,0,37,526,0.526,316,306,0,0,247,248333,832,false,data/sims/vaccination_N=1000_I0=10_beta=0p05_c=10p0_gamma=0p25_T=40p0_seed=5005_fixed=false_sigma=Inf_mu=0p0_br=0p0_vt=0p0_vf=0p25.csv
vaccination,1000,10,0.05,10.0,0.25,40.0,5006,false,Inf,0.0,0.0,0.0,0.25,79,28.274576281601227,388,0,32,580,0.58,365,355,0,0,247,245868,935,false,data/sims/vaccination_N=1000_I0=10_beta=0p05_c=10p0_gamma=0p25_T=40p0_seed=5006_fixed=false_sigma=Inf_mu=0p0_br=0p0_vt=0p0_vf=0p25.csv
vaccination,1000,10,0.05,10.0,0.25,40.0,5007,false,Inf,0.0,0.0,0.0,0.25,71,16.242497501613585,338,0,19,643,0.643,415,405,0,0,247,208564,1048,false,data/sims/vaccination_N=1000_I0=10_beta=0p05_c=10p0_gamma=0p25_T=40p0_seed=5007_fixed=false_sigma=Inf_mu=0p0_br=0p0_vt=0p0_vf=0p25.csv
vaccination,1000,10,0.05,10.0,0.25,40.0,5008,false,Inf,0.0,0.0,0.0,0.25,69,22.15237811456049,339,0,52,609,0.609,414,404,0,0,247,224038,1013,false,data/sims/vaccination_N=1000_I0=10_beta=0p05_c=10p0_gamma=0p25_T=40p0_seed=5008_fixed=false_sigma=Inf_mu=0p0_br=0p0_vt=0p0_vf=0p25.csv
vaccination,1000,10,0.05,10.0,0.25,40.0,5009,false,Inf,0.0,0.0,0.0,0.25,57,27.120529579081605,384,0,19,597,0.597,369,359,0,0,247,224270,956,false,data/sims/vaccination_N=1000_I0=10_beta=0p05_c=10p0_gamma=0p25_T=40p0_seed=5009_fixed=false_sigma=Inf_mu=0p0_br=0p0_vt=0p0_vf=0p25.csv
vaccination,1000,10,0.05,10.0,0.25,40.0,5010,false,Inf,0.0,0.0,0.0,0.25,70,28.507566037251813,337,0,51,612,0.612,416,406,0,0,247,232395,1018,false,data/sims/vaccination_N=1000_I0=10_beta=0p05_c=10p0_gamma=0p25_T=40p0_seed=5010_fixed=false_sigma=Inf_mu=0p0_br=0p0_vt=0p0_vf=0p25.csv
vaccination,1000,10,0.05,10.0,0.25,40.0,5001,false,Inf,0.0,0.0,0.0,0.5,23,23.24362116988208,378,0,5,617,0.617,127,117,0,0,495,169987,734,false,data/sims/vaccination_N=1000_I0=10_beta=0p05_c=10p0_gamma=0p25_T=40p0_seed=5001_fixed=false_sigma=Inf_mu=0p0_br=0p0_vt=0p0_vf=0p5.csv
vaccination,1000,10,0.05,10.0,0.25,40.0,5002,false,Inf,0.0,0.0,0.0,0.5,24,14.288363393569409,401,0,6,593,0.593,104,94,0,0,495,176312,687,false,data/sims/vaccination_N=1000_I0=10_beta=0p05_c=10p0_gamma=0p25_T=40p0_seed=5002_fixed=false_sigma=Inf_mu=0p0_br=0p0_vt=0p0_vf=0p5.csv
vaccination,1000,10,0.05,10.0,0.25,40.0,5003,false,Inf,0.0,0.0,0.0,0.5,14,25.311755259193944,428,0,6,566,0.566,77,67,0,0,495,185587,633,false,data/sims/vaccination_N=1000_I0=10_beta=0p05_c=10p0_gamma=0p25_T=40p0_seed=5003_fixed=false_sigma=Inf_mu=0p0_br=0p0_vt=0p0_vf=0p5.csv
vaccination,1000,10,0.05,10.0,0.25,40.0,5004,false,Inf,0.0,0.0,0.0,0.5,36,14.129284415575844,362,0,3,635,0.635,143,133,0,0,495,167262,768,false,data/sims/vaccination_N=1000_I0=10_beta=0p05_c=10p0_gamma=0p25_T=40p0_seed=5004_fixed=false_sigma=Inf_mu=0p0_br=0p0_vt=0p0_vf=0p5.csv
vaccination,1000,10,0.05,10.0,0.25,40.0,5005,false,Inf,0.0,0.0,0.0,0.5,12,3.2166121221335153,447,0,4,549,0.549,58,48,0,0,495,186003,597,false,data/sims/vaccination_N=1000_I0=10_beta=0p05_c=10p0_gamma=0p25_T=40p0_seed=5005_fixed=false_sigma=Inf_mu=0p0_br=0p0_vt=0p0_vf=0p5.csv
vaccination,1000,10,0.05,10.0,0.25,40.0,5006,false,Inf,0.0,0.0,0.0,0.5,10,0.0,488,0,0,512,0.512,17,7,0,0,495,196277,519,true,data/sims/vaccination_N=1000_I0=10_beta=0p05_c=10p0_gamma=0p25_T=40p0_seed=5006_fixed=false_sigma=Inf_mu=0p0_br=0p0_vt=0p0_vf=0p5.csv
vaccination,1000,10,0.05,10.0,0.25,40.0,5007,false,Inf,0.0,0.0,0.0,0.5,20,8.527475613321577,387,0,10,603,0.603,118,108,0,0,495,172894,711,false,data/sims/vaccination_N=1000_I0=10_beta=0p05_c=10p0_gamma=0p25_T=40p0_seed=5007_fixed=false_sigma=Inf_mu=0p0_br=0p0_vt=0p0_vf=0p5.csv
vaccination,1000,10,0.05,10.0,0.25,40.0,5008,false,Inf,0.0,0.0,0.0,0.5,10,0.0,479,0,0,521,0.521,26,16,0,0,495,192570,537,true,data/sims/vaccination_N=1000_I0=10_beta=0p05_c=10p0_gamma=0p25_T=40p0_seed=5008_fixed=false_sigma=Inf_mu=0p0_br=0p0_vt=0p0_vf=0p5.csv
vaccination,1000,10,0.05,10.0,0.25,40.0,5009,false,Inf,0.0,0.0,0.0,0.5,23,10.22020626813374,438,0,0,562,0.562,67,57,0,0,495,180697,619,true,data/sims/vaccination_N=1000_I0=10_beta=0p05_c=10p0_gamma=0p25_T=40p0_seed=5009_fixed=false_sigma=Inf_mu=0p0_br=0p0_vt=0p0_vf=0p5.csv
vaccination,1000,10,0.05,10.0,0.25,40.0,5010,false,Inf,0.0,0.0,0.0,0.5,10,0.0,454,0,0,546,0.546,51,41,0,0,495,188646,587,true,data/sims/vaccination_N=1000_I0=10_beta=0p05_c=10p0_gamma=0p25_T=40p0_seed=5010_fixed=false_sigma=Inf_mu=0p0_br=0p0_vt=0p0_vf=0p5.csv
vaccination,1000,10,0.05,10.0,0.25,40.0,5001,false,Inf,0.0,0.0,0.0,0.6,13,14.806287539529569,351,0,4,645,0.645,55,45,0,0,594,148211,690,false,data/sims/vaccination_N=1000_I0=10_beta=0p05_c=10p0_gamma=0p25_T=40p0_seed=5001_fixed=false_sigma=Inf_mu=0p0_br=0p0_vt=0p0_vf=0p6.csv
vaccination,1000,10,0.05,10.0,0.25,40.0,5002,false,Inf,0.0,0.0,0.0,0.6,13,1.0499738809353647,363,0,0,637,0.637,43,33,0,0,594,149715,670,true,data/sims/vaccination_N=1000_I0=10_beta=0p05_c=10p0_gamma=0p25_T=40p0_seed=5002_fixed=false_sigma=Inf_mu=0p0_br=0p0_vt=0p0_vf=0p6.csv
vaccination,1000,10,0.05,10.0,0.25,40.0,5003,false,Inf,0.0,0.0,0.0,0.6,13,1.098951871378362,369,0,0,631,0.631,37,27,0,0,594,149234,658,true,data/sims/vaccination_N=1000_I0=10_beta=0p05_c=10p0_gamma=0p25_T=40p0_seed=5003_fixed=false_sigma=Inf_mu=0p0_br=0p0_vt=0p0_vf=0p6.csv
vaccination,1000,10,0.05,10.0,0.25,40.0,5004,false,Inf,0.0,0.0,0.0,0.6,11,0.1290875745726876,351,0,5,644,0.644,55,45,0,0,594,147413,689,false,data/sims/vaccination_N=1000_I0=10_beta=0p05_c=10p0_gamma=0p25_T=40p0_seed=5004_fixed=false_sigma=Inf_mu=0p0_br=0p0_vt=0p0_vf=0p6.csv
vaccination,1000,10,0.05,10.0,0.25,40.0,5005,false,Inf,0.0,0.0,0.0,0.6,11,1.2541137335015689,390,0,0,610,0.61,16,6,0,0,594,156096,616,true,data/sims/vaccination_N=1000_I0=10_beta=0p05_c=10p0_gamma=0p25_T=40p0_seed=5005_fixed=false_sigma=Inf_mu=0p0_br=0p0_vt=0p0_vf=0p6.csv
vaccination,1000,10,0.05,10.0,0.25,40.0,5006,false,Inf,0.0,0.0,0.0,0.6,10,0.0,389,0,0,611,0.611,17,7,0,0,594,156279,618,true,data/sims/vaccination_N=1000_I0=10_beta=0p05_c=10p0_gamma=0p25_T=40p0_seed=5006_fixed=false_sigma=Inf_mu=0p0_br=0p0_vt=0p0_vf=0p6.csv
vaccination,1000,10,0.05,10.0,0.25,40.0,5007,false,Inf,0.0,0.0,0.0,0.6,13,4.008840871964622,376,0,0,624,0.624,30,20,0,0,594,152114,644,true,data/sims/vaccination_N=1000_I0=10_beta=0p05_c=10p0_gamma=0p25_T=40p0_seed=5007_fixed=false_sigma=Inf_mu=0p0_br=0p0_vt=0p0_vf=0p6.csv
vaccination,1000,10,0.05,10.0,0.25,40.0,5008,false,Inf,0.0,0.0,0.0,0.6,10,0.0,387,0,0,613,0.613,19,9,0,0,594,155344,622,true,data/sims/vaccination_N=1000_I0=10_beta=0p05_c=10p0_gamma=0p25_T=40p0_seed=5008_fixed=false_sigma=Inf_mu=0p0_br=0p0_vt=0p0_vf=0p6.csv
vaccination,1000,10,0.05,10.0,0.25,40.0,5009,false,Inf,0.0,0.0,0.0,0.6,19,7.234981587238559,339,0,0,661,0.661,67,57,0,0,594,141376,718,true,data/sims/vaccination_N=1000_I0=10_beta=0p05_c=10p0_gamma=0p25_T=40p0_seed=5009_fixed=false_sigma=Inf_mu=0p0_br=0p0_vt=0p0_vf=0p6.csv
vaccination,1000,10,0.05,10.0,0.25,40.0,5010,false,Inf,0.0,0.0,0.0,0.6,10,0.0,391,0,0,609,0.609,15,5,0,0,594,156413,614,true,data/sims/vaccination_N=1000_I0=10_beta=0p05_c=10p0_gamma=0p25_T=40p0_seed=5010_fixed=false_sigma=Inf_mu=0p0_br=0p0_vt=0p0_vf=0p6.csv
vaccination,1000,10,0.05,10.0,0.25,40.0,5001,false,Inf,0.0,0.0,0.0,0.75,10,0.0,240,0,0,760,0.76,18,8,0,0,742,96234,768,true,data/sims/vaccination_N=1000_I0=10_beta=0p05_c=10p0_gamma=0p25_T=40p0_seed=5001_fixed=false_sigma=Inf_mu=0p0_br=0p0_vt=0p0_vf=0p75.csv
vaccination,1000,10,0.05,10.0,0.25,40.0,5002,false,Inf,0.0,0.0,0.0,0.75,13,1.4904709061887464,239,0,0,761,0.761,19,9,0,0,742,96738,770,true,data/sims/vaccination_N=1000_I0=10_beta=0p05_c=10p0_gamma=0p25_T=40p0_seed=5002_fixed=false_sigma=Inf_mu=0p0_br=0p0_vt=0p0_vf=0p75.csv
vaccination,1000,10,0.05,10.0,0.25,40.0,5003,false,Inf,0.0,0.0,0.0,0.75,10,0.0,244,0,0,756,0.756,14,4,0,0,742,97718,760,true,data/sims/vaccination_N=1000_I0=10_beta=0p05_c=10p0_gamma=0p25_T=40p0_seed=5003_fixed=false_sigma=Inf_mu=0p0_br=0p0_vt=0p0_vf=0p75.csv
vaccination,1000,10,0.05,10.0,0.25,40.0,5004,false,Inf,0.0,0.0,0.0,0.75,10,0.0,242,0,0,758,0.758,16,6,0,0,742,97229,764,true,data/sims/vaccination_N=1000_I0=10_beta=0p05_c=10p0_gamma=0p25_T=40p0_seed=5004_fixed=false_sigma=Inf_mu=0p0_br=0p0_vt=0p0_vf=0p75.csv
vaccination,1000,10,0.05,10.0,0.25,40.0,5005,false,Inf,0.0,0.0,0.0,0.75,10,0.0,245,0,0,755,0.755,13,3,0,0,742,98139,758,true,data/sims/vaccination_N=1000_I0=10_beta=0p05_c=10p0_gamma=0p25_T=40p0_seed=5005_fixed=false_sigma=Inf_mu=0p0_br=0p0_vt=0p0_vf=0p75.csv
vaccination,1000,10,0.05,10.0,0.25,40.0,5006,false,Inf,0.0,0.0,0.0,0.75,10,0.0,246,0,0,754,0.754,12,2,0,0,742,98869,756,true,data/sims/vaccination_N=1000_I0=10_beta=0p05_c=10p0_gamma=0p25_T=40p0_seed=5006_fixed=false_sigma=Inf_mu=0p0_br=0p0_vt=0p0_vf=0p75.csv
vaccination,1000,10,0.05,10.0,0.25,40.0,5007,false,Inf,0.0,0.0,0.0,0.75,13,2.1142152632599602,239,0,0,761,0.761,19,9,0,0,742,95776,770,true,data/sims/vaccination_N=1000_I0=10_beta=0p05_c=10p0_gamma=0p25_T=40p0_seed=5007_fixed=false_sigma=Inf_mu=0p0_br=0p0_vt=0p0_vf=0p75.csv
vaccination,1000,10,0.05,10.0,0.25,40.0,5008,false,Inf,0.0,0.0,0.0,0.75,10,0.0,238,0,0,762,0.762,20,10,0,0,742,95038,772,true,data/sims/vaccination_N=1000_I0=10_beta=0p05_c=10p0_gamma=0p25_T=40p0_seed=5008_fixed=false_sigma=Inf_mu=0p0_br=0p0_vt=0p0_vf=0p75.csv
vaccination,1000,10,0.05,10.0,0.25,40.0,5009,false,Inf,0.0,0.0,0.0,0.75,15,1.0453225116248719,237,0,0,763,0.763,21,11,0,0,742,95676,774,true,data/sims/vaccination_N=1000_I0=10_beta=0p05_c=10p0_gamma=0p25_T=40p0_seed=5009_fixed=false_sigma=Inf_mu=0p0_br=0p0_vt=0p0_vf=0p75.csv
vaccination,1000,10,0.05,10.0,0.25,40.0,5010,false,Inf,0.0,0.0,0.0,0.75,10,0.0,244,0,0,756,0.756,14,4,0,0,742,97648,760,true,data/sims/vaccination_N=1000_I0=10_beta=0p05_c=10p0_gamma=0p25_T=40p0_seed=5010_fixed=false_sigma=Inf_mu=0p0_br=0p0_vt=0p0_vf=0p75.csv
vaccination,1000,10,0.05,10.0,0.25,40.0,5001,false,Inf,0.0,0.0,10.0,0.0,177,17.62277584258143,202,0,22,776,0.776,798,788,0,0,0,213036,1564,false,data/sims/vaccination_N=1000_I0=10_beta=0p05_c=10p0_gamma=0p25_T=40p0_seed=5001_fixed=false_sigma=Inf_mu=0p0_br=0p0_vt=10p0_vf=0p0.csv
vaccination,1000,10,0.05,10.0,0.25,40.0,5002,false,Inf,0.0,0.0,10.0,0.0,161,14.225568649849501,233,0,7,760,0.76,767,757,0,0,0,189980,1517,false,data/sims/vaccination_N=1000_I0=10_beta=0p05_c=10p0_gamma=0p25_T=40p0_seed=5002_fixed=false_sigma=Inf_mu=0p0_br=0p0_vt=10p0_vf=0p0.csv
vaccination,1000,10,0.05,10.0,0.25,40.0,5003,false,Inf,0.0,0.0,10.0,0.0,186,14.586394441202582,209,0,12,779,0.779,791,781,0,0,0,193995,1560,false,data/sims/vaccination_N=1000_I0=10_beta=0p05_c=10p0_gamma=0p25_T=40p0_seed=5003_fixed=false_sigma=Inf_mu=0p0_br=0p0_vt=10p0_vf=0p0.csv
vaccination,1000,10,0.05,10.0,0.25,40.0,5004,false,Inf,0.0,0.0,10.0,0.0,188,22.762844960524774,177,0,24,799,0.799,823,813,0,0,0,217597,1612,false,data/sims/vaccination_N=1000_I0=10_beta=0p05_c=10p0_gamma=0p25_T=40p0_seed=5004_fixed=false_sigma=Inf_mu=0p0_br=0p0_vt=10p0_vf=0p0.csv
vaccination,1000,10,0.05,10.0,0.25,40.0,5005,false,Inf,0.0,0.0,10.0,0.0,182,27.902900449467847,227,0,34,739,0.739,773,763,0,0,0,271309,1502,false,data/sims/vaccination_N=1000_I0=10_beta=0p05_c=10p0_gamma=0p25_T=40p0_seed=5005_fixed=false_sigma=Inf_mu=0p0_br=0p0_vt=10p0_vf=0p0.csv
vaccination,1000,10,0.05,10.0,0.25,40.0,5006,false,Inf,0.0,0.0,10.0,0.0,138,23.772373511590583,245,0,46,709,0.709,755,745,0,0,0,264230,1454,false,data/sims/vaccination_N=1000_I0=10_beta=0p05_c=10p0_gamma=0p25_T=40p0_seed=5006_fixed=false_sigma=Inf_mu=0p0_br=0p0_vt=10p0_vf=0p0.csv
vaccination,1000,10,0.05,10.0,0.25,40.0,5007,false,Inf,0.0,0.0,10.0,0.0,194,16.113795811929812,179,0,9,812,0.812,821,811,0,0,0,179961,1623,false,data/sims/vaccination_N=1000_I0=10_beta=0p05_c=10p0_gamma=0p25_T=40p0_seed=5007_fixed=false_sigma=Inf_mu=0p0_br=0p0_vt=10p0_vf=0p0.csv
vaccination,1000,10,0.05,10.0,0.25,40.0,5008,false,Inf,0.0,0.0,10.0,0.0,207,16.412874855012515,181,0,14,805,0.805,819,809,0,0,0,194614,1614,false,data/sims/vaccination_N=1000_I0=10_beta=0p05_c=10p0_gamma=0p25_T=40p0_seed=5008_fixed=false_sigma=Inf_mu=0p0_br=0p0_vt=10p0_vf=0p0.csv
vaccination,1000,10,0.05,10.0,0.25,40.0,5009,false,Inf,0.0,0.0,10.0,0.0,148,12.466514727102108,199,0,15,786,0.786,801,791,0,0,0,203827,1577,false,data/sims/vaccination_N=1000_I0=10_beta=0p05_c=10p0_gamma=0p25_T=40p0_seed=5009_fixed=false_sigma=Inf_mu=0p0_br=0p0_vt=10p0_vf=0p0.csv
vaccination,1000,10,0.05,10.0,0.25,40.0,5010,false,Inf,0.0,0.0,10.0,0.0,151,33.72965701850054,276,0,76,648,0.648,724,714,0,0,0,291603,1362,false,data/sims/vaccination_N=1000_I0=10_beta=0p05_c=10p0_gamma=0p25_T=40p0_seed=5010_fixed=false_sigma=Inf_mu=0p0_br=0p0_vt=10p0_vf=0p0.csv
vaccination,1000,10,0.05,10.0,0.25,40.0,5001,false,Inf,0.0,0.0,10.0,0.25,95,15.006433248888845,297,0,11,692,0.692,488,478,0,0,215,216552,1170,false,data/sims/vaccination_N=1000_I0=10_beta=0p05_c=10p0_gamma=0p25_T=40p0_seed=5001_fixed=false_sigma=Inf_mu=0p0_br=0p0_vt=10p0_vf=0p25.csv
vaccination,1000,10,0.05,10.0,0.25,40.0,5002,false,Inf,0.0,0.0,10.0,0.25,132,9.019398523658014,234,0,7,759,0.759,594,584,0,0,172,178410,1343,false,data/sims/vaccination_N=1000_I0=10_beta=0p05_c=10p0_gamma=0p25_T=40p0_seed=5002_fixed=false_sigma=Inf_mu=0p0_br=0p0_vt=10p0_vf=0p25.csv
vaccination,1000,10,0.05,10.0,0.25,40.0,5003,false,Inf,0.0,0.0,10.0,0.25,147,14.283808603404447,213,0,4,783,0.783,598,588,0,0,189,178028,1371,false,data/sims/vaccination_N=1000_I0=10_beta=0p05_c=10p0_gamma=0p25_T=40p0_seed=5003_fixed=false_sigma=Inf_mu=0p0_br=0p0_vt=10p0_vf=0p25.csv
vaccination,1000,10,0.05,10.0,0.25,40.0,5004,false,Inf,0.0,0.0,10.0,0.25,77,20.127474936127058,320,0,16,664,0.664,459,449,0,0,221,231635,1113,false,data/sims/vaccination_N=1000_I0=10_beta=0p05_c=10p0_gamma=0p25_T=40p0_seed=5004_fixed=false_sigma=Inf_mu=0p0_br=0p0_vt=10p0_vf=0p25.csv
vaccination,1000,10,0.05,10.0,0.25,40.0,5005,false,Inf,0.0,0.0,10.0,0.25,73,37.29695595417068,378,0,61,561,0.561,385,375,0,0,237,272700,936,false,data/sims/vaccination_N=1000_I0=10_beta=0p05_c=10p0_gamma=0p25_T=40p0_seed=5005_fixed=false_sigma=Inf_mu=0p0_br=0p0_vt=10p0_vf=0p25.csv
vaccination,1000,10,0.05,10.0,0.25,40.0,5006,false,Inf,0.0,0.0,10.0,0.25,79,30.65926237203733,320,0,39,641,0.641,442,432,0,0,238,252867,1073,false,data/sims/vaccination_N=1000_I0=10_beta=0p05_c=10p0_gamma=0p25_T=40p0_seed=5006_fixed=false_sigma=Inf_mu=0p0_br=0p0_vt=10p0_vf=0p25.csv
vaccination,1000,10,0.05,10.0,0.25,40.0,5007,false,Inf,0.0,0.0,10.0,0.25,136,13.29768833762422,209,0,6,785,0.785,613,603,0,0,178,174910,1388,false,data/sims/vaccination_N=1000_I0=10_beta=0p05_c=10p0_gamma=0p25_T=40p0_seed=5007_fixed=false_sigma=Inf_mu=0p0_br=0p0_vt=10p0_vf=0p25.csv
vaccination,1000,10,0.05,10.0,0.25,40.0,5008,false,Inf,0.0,0.0,10.0,0.25,132,15.507316296203522,227,0,7,766,0.766,570,560,0,0,203,191415,1326,false,data/sims/vaccination_N=1000_I0=10_beta=0p05_c=10p0_gamma=0p25_T=40p0_seed=5008_fixed=false_sigma=Inf_mu=0p0_br=0p0_vt=10p0_vf=0p25.csv
vaccination,1000,10,0.05,10.0,0.25,40.0,5009,false,Inf,0.0,0.0,10.0,0.25,117,12.848140470826266,231,0,16,753,0.753,573,563,0,0,196,196158,1316,false,data/sims/vaccination_N=1000_I0=10_beta=0p05_c=10p0_gamma=0p25_T=40p0_seed=5009_fixed=false_sigma=Inf_mu=0p0_br=0p0_vt=10p0_vf=0p25.csv
vaccination,1000,10,0.05,10.0,0.25,40.0,5010,false,Inf,0.0,0.0,10.0,0.25,52,34.13882926515581,507,0,31,462,0.462,256,246,0,0,237,286949,708,false,data/sims/vaccination_N=1000_I0=10_beta=0p05_c=10p0_gamma=0p25_T=40p0_seed=5010_fixed=false_sigma=Inf_mu=0p0_br=0p0_vt=10p0_vf=0p25.csv
vaccination,1000,10,0.05,10.0,0.25,40.0,5001,false,Inf,0.0,0.0,10.0,0.5,63,10.221550868505638,287,0,11,702,0.702,283,273,0,0,430,193795,975,false,data/sims/vaccination_N=1000_I0=10_beta=0p05_c=10p0_gamma=0p25_T=40p0_seed=5001_fixed=false_sigma=Inf_mu=0p0_br=0p0_vt=10p0_vf=0p5.csv
vaccination,1000,10,0.05,10.0,0.25,40.0,5002,false,Inf,0.0,0.0,10.0,0.5,132,9.019398523658014,177,0,3,820,0.82,478,468,0,0,345,151275,1288,false,data/sims/vaccination_N=1000_I0=10_beta=0p05_c=10p0_gamma=0p25_T=40p0_seed=5002_fixed=false_sigma=Inf_mu=0p0_br=0p0_vt=10p0_vf=0p5.csv
vaccination,1000,10,0.05,10.0,0.25,40.0,5003,false,Inf,0.0,0.0,10.0,0.5,128,10.402921601960834,207,0,2,791,0.791,415,405,0,0,378,163699,1196,false,data/sims/vaccination_N=1000_I0=10_beta=0p05_c=10p0_gamma=0p25_T=40p0_seed=5003_fixed=false_sigma=Inf_mu=0p0_br=0p0_vt=10p0_vf=0p5.csv
vaccination,1000,10,0.05,10.0,0.25,40.0,5004,false,Inf,0.0,0.0,10.0,0.5,51,9.9193191835079,281,0,7,712,0.712,276,266,0,0,443,195523,978,false,data/sims/vaccination_N=1000_I0=10_beta=0p05_c=10p0_gamma=0p25_T=40p0_seed=5004_fixed=false_sigma=Inf_mu=0p0_br=0p0_vt=10p0_vf=0p5.csv
vaccination,1000,10,0.05,10.0,0.25,40.0,5005,false,Inf,0.0,0.0,10.0,0.5,39,29.75296968489796,361,0,18,621,0.621,165,155,0,0,474,225821,776,false,data/sims/vaccination_N=1000_I0=10_beta=0p05_c=10p0_gamma=0p25_T=40p0_seed=5005_fixed=false_sigma=Inf_mu=0p0_br=0p0_vt=10p0_vf=0p5.csv
vaccination,1000,10,0.05,10.0,0.25,40.0,5006,false,Inf,0.0,0.0,10.0,0.5,22,10.834088447350645,424,0,0,576,0.576,99,89,0,0,477,229523,665,true,data/sims/vaccination_N=1000_I0=10_beta=0p05_c=10p0_gamma=0p25_T=40p0_seed=5006_fixed=false_sigma=Inf_mu=0p0_br=0p0_vt=10p0_vf=0p5.csv
vaccination,1000,10,0.05,10.0,0.25,40.0,5007,false,Inf,0.0,0.0,10.0,0.5,131,8.800039346967042,220,0,0,780,0.78,424,414,0,0,356,162405,1194,true,data/sims/vaccination_N=1000_I0=10_beta=0p05_c=10p0_gamma=0p25_T=40p0_seed=5007_fixed=false_sigma=Inf_mu=0p0_br=0p0_vt=10p0_vf=0p5.csv
vaccination,1000,10,0.05,10.0,0.25,40.0,5008,false,Inf,0.0,0.0,10.0,0.5,99,10.386528449744523,237,0,3,760,0.76,357,347,0,0,406,176395,1107,false,data/sims/vaccination_N=1000_I0=10_beta=0p05_c=10p0_gamma=0p25_T=40p0_seed=5008_fixed=false_sigma=Inf_mu=0p0_br=0p0_vt=10p0_vf=0p5.csv
vaccination,1000,10,0.05,10.0,0.25,40.0,5009,false,Inf,0.0,0.0,10.0,0.5,107,10.837879939871009,242,0,13,745,0.745,365,355,0,0,393,176906,1100,false,data/sims/vaccination_N=1000_I0=10_beta=0p05_c=10p0_gamma=0p25_T=40p0_seed=5009_fixed=false_sigma=Inf_mu=0p0_br=0p0_vt=10p0_vf=0p5.csv
vaccination,1000,10,0.05,10.0,0.25,40.0,5010,false,Inf,0.0,0.0,10.0,0.5,20,9.494455364943516,419,0,3,578,0.578,106,96,0,0,475,229092,674,false,data/sims/vaccination_N=1000_I0=10_beta=0p05_c=10p0_gamma=0p25_T=40p0_seed=5010_fixed=false_sigma=Inf_mu=0p0_br=0p0_vt=10p0_vf=0p5.csv
vaccination,1000,10,0.05,10.0,0.25,40.0,5001,false,Inf,0.0,0.0,10.0,0.6,62,9.427660134476922,239,0,8,753,0.753,245,235,0,0,516,176391,988,false,data/sims/vaccination_N=1000_I0=10_beta=0p05_c=10p0_gamma=0p25_T=40p0_seed=5001_fixed=false_sigma=Inf_mu=0p0_br=0p0_vt=10p0_vf=0p6.csv
vaccination,1000,10,0.05,10.0,0.25,40.0,5002,false,Inf,0.0,0.0,10.0,0.6,132,9.019398523658014,186,0,1,813,0.813,400,390,0,0,414,148530,1203,false,data/sims/vaccination_N=1000_I0=10_beta=0p05_c=10p0_gamma=0p25_T=40p0_seed=5002_fixed=false_sigma=Inf_mu=0p0_br=0p0_vt=10p0_vf=0p6.csv
vaccination,1000,10,0.05,10.0,0.25,40.0,5003,false,Inf,0.0,0.0,10.0,0.6,125,10.400931246770936,196,0,0,804,0.804,351,341,0,0,453,155641,1145,true,data/sims/vaccination_N=1000_I0=10_beta=0p05_c=10p0_gamma=0p25_T=40p0_seed=5003_fixed=false_sigma=Inf_mu=0p0_br=0p0_vt=10p0_vf=0p6.csv
vaccination,1000,10,0.05,10.0,0.25,40.0,5004,false,Inf,0.0,0.0,10.0,0.6,51,9.9193191835079,220,0,7,773,0.773,248,238,0,0,532,178714,1011,false,data/sims/vaccination_N=1000_I0=10_beta=0p05_c=10p0_gamma=0p25_T=40p0_seed=5004_fixed=false_sigma=Inf_mu=0p0_br=0p0_vt=10p0_vf=0p6.csv
vaccination,1000,10,0.05,10.0,0.25,40.0,5005,false,Inf,0.0,0.0,10.0,0.6,20,6.06709458519787,352,0,0,648,0.648,79,69,0,0,569,205989,717,true,data/sims/vaccination_N=1000_I0=10_beta=0p05_c=10p0_gamma=0p25_T=40p0_seed=5005_fixed=false_sigma=Inf_mu=0p0_br=0p0_vt=10p0_vf=0p6.csv
vaccination,1000,10,0.05,10.0,0.25,40.0,5006,false,Inf,0.0,0.0,10.0,0.6,21,9.468953812998672,362,0,0,638,0.638,65,55,0,0,573,208259,693,true,data/sims/vaccination_N=1000_I0=10_beta=0p05_c=10p0_gamma=0p25_T=40p0_seed=5006_fixed=false_sigma=Inf_mu=0p0_br=0p0_vt=10p0_vf=0p6.csv
vaccination,1000,10,0.05,10.0,0.25,40.0,5007,false,Inf,0.0,0.0,10.0,0.6,131,8.800039346967042,187,0,2,811,0.811,386,376,0,0,427,151463,1187,false,data/sims/vaccination_N=1000_I0=10_beta=0p05_c=10p0_gamma=0p25_T=40p0_seed=5007_fixed=false_sigma=Inf_mu=0p0_br=0p0_vt=10p0_vf=0p6.csv
vaccination,1000,10,0.05,10.0,0.25,40.0,5008,false,Inf,0.0,0.0,10.0,0.6,98,10.488626749716579,207,0,3,790,0.79,306,296,0,0,487,163794,1086,false,data/sims/vaccination_N=1000_I0=10_beta=0p05_c=10p0_gamma=0p25_T=40p0_seed=5008_fixed=false_sigma=Inf_mu=0p0_br=0p0_vt=10p0_vf=0p6.csv
vaccination,1000,10,0.05,10.0,0.25,40.0,5009,false,Inf,0.0,0.0,10.0,0.6,101,9.997367850227755,209,0,5,786,0.786,319,309,0,0,472,161534,1095,false,data/sims/vaccination_N=1000_I0=10_beta=0p05_c=10p0_gamma=0p25_T=40p0_seed=5009_fixed=false_sigma=Inf_mu=0p0_br=0p0_vt=10p0_vf=0p6.csv
vaccination,1000,10,0.05,10.0,0.25,40.0,5010,false,Inf,0.0,0.0,10.0,0.6,20,9.494455364943516,346,0,1,653,0.653,84,74,0,0,570,205089,727,false,data/sims/vaccination_N=1000_I0=10_beta=0p05_c=10p0_gamma=0p25_T=40p0_seed=5010_fixed=false_sigma=Inf_mu=0p0_br=0p0_vt=10p0_vf=0p6.csv
vaccination,1000,10,0.05,10.0,0.25,40.0,5001,false,Inf,0.0,0.0,10.0,0.75,62,9.427660134476922,168,0,0,832,0.832,187,177,0,0,645,147291,1009,true,data/sims/vaccination_N=1000_I0=10_beta=0p05_c=10p0_gamma=0p25_T=40p0_seed=5001_fixed=false_sigma=Inf_mu=0p0_br=0p0_vt=10p0_vf=0p75.csv
vaccination,1000,10,0.05,10.0,0.25,40.0,5002,false,Inf,0.0,0.0,10.0,0.75,132,9.019398523658014,123,0,2,875,0.875,359,349,0,0,518,127478,1224,false,data/sims/vaccination_N=1000_I0=10_beta=0p05_c=10p0_gamma=0p25_T=40p0_seed=5002_fixed=false_sigma=Inf_mu=0p0_br=0p0_vt=10p0_vf=0p75.csv
vaccination,1000,10,0.05,10.0,0.25,40.0,5003,false,Inf,0.0,0.0,10.0,0.75,124,9.925306805873952,136,0,0,864,0.864,297,287,0,0,567,135032,1151,true,data/sims/vaccination_N=1000_I0=10_beta=0p05_c=10p0_gamma=0p25_T=40p0_seed=5003_fixed=false_sigma=Inf_mu=0p0_br=0p0_vt=10p0_vf=0p75.csv
vaccination,1000,10,0.05,10.0,0.25,40.0,5004,false,Inf,0.0,0.0,10.0,0.75,51,9.9193191835079,181,0,0,819,0.819,154,144,0,0,665,152758,963,true,data/sims/vaccination_N=1000_I0=10_beta=0p05_c=10p0_gamma=0p25_T=40p0_seed=5004_fixed=false_sigma=Inf_mu=0p0_br=0p0_vt=10p0_vf=0p75.csv
vaccination,1000,10,0.05,10.0,0.25,40.0,5005,false,Inf,0.0,0.0,10.0,0.75,20,6.06709458519787,227,0,0,773,0.773,62,52,0,0,711,166238,825,true,data/sims/vaccination_N=1000_I0=10_beta=0p05_c=10p0_gamma=0p25_T=40p0_seed=5005_fixed=false_sigma=Inf_mu=0p0_br=0p0_vt=10p0_vf=0p75.csv
vaccination,1000,10,0.05,10.0,0.25,40.0,5006,false,Inf,0.0,0.0,10.0,0.75,21,9.468953812998672,226,0,0,774,0.774,58,48,0,0,716,166386,822,true,data/sims/vaccination_N=1000_I0=10_beta=0p05_c=10p0_gamma=0p25_T=40p0_seed=5006_fixed=false_sigma=Inf_mu=0p0_br=0p0_vt=10p0_vf=0p75.csv
vaccination,1000,10,0.05,10.0,0.25,40.0,5007,false,Inf,0.0,0.0,10.0,0.75,131,8.800039346967042,128,0,0,872,0.872,338,328,0,0,534,130072,1200,true,data/sims/vaccination_N=1000_I0=10_beta=0p05_c=10p0_gamma=0p25_T=40p0_seed=5007_fixed=false_sigma=Inf_mu=0p0_br=0p0_vt=10p0_vf=0p75.csv
vaccination,1000,10,0.05,10.0,0.25,40.0,5008,false,Inf,0.0,0.0,10.0,0.75,95,10.218959550423497,144,0,1,855,0.855,247,237,0,0,609,141135,1092,false,data/sims/vaccination_N=1000_I0=10_beta=0p05_c=10p0_gamma=0p25_T=40p0_seed=5008_fixed=false_sigma=Inf_mu=0p0_br=0p0_vt=10p0_vf=0p75.csv
vaccination,1000,10,0.05,10.0,0.25,40.0,5009,false,Inf,0.0,0.0,10.0,0.75,101,9.997367850227755,146,0,0,854,0.854,264,254,0,0,590,137630,1108,true,data/sims/vaccination_N=1000_I0=10_beta=0p05_c=10p0_gamma=0p25_T=40p0_seed=5009_fixed=false_sigma=Inf_mu=0p0_br=0p0_vt=10p0_vf=0p75.csv
vaccination,1000,10,0.05,10.0,0.25,40.0,5010,false,Inf,0.0,0.0,10.0,0.75,20,9.494455364943516,225,0,0,775,0.775,63,53,0,0,712,166066,828,true,data/sims/vaccination_N=1000_I0=10_beta=0p05_c=10p0_gamma=0p25_T=40p0_seed=5010_fixed=false_sigma=Inf_mu=0p0_br=0p0_vt=10p0_vf=0p75.csv
