t,S,E,I,R,births,deaths,vaccinated,infections,event,person
0.0,990,0,10,0,0,0,0,0,initial,0
0.06075601114728259,989,0,11,0,0,0,0,1,infection,820
0.06195895509295897,988,0,12,0,0,0,0,2,infection,208
0.10463817630365184,988,0,11,1,0,0,0,2,recovery,996
0.11457296190950624,988,0,10,2,0,0,0,2,recovery,991
0.16649769476852805,987,0,11,2,0,0,0,3,infection,429
0.18034720225450043,987,0,10,3,0,0,0,3,recovery,997
0.4080392990005519,987,0,9,4,0,0,0,3,recovery,999
0.43722707506735836,986,0,10,4,0,0,0,4,infection,378
0.4905799646728397,986,0,9,5,0,0,0,4,recovery,998
0.5093132422356521,985,0,10,5,0,0,0,5,infection,786
0.6686333731029847,985,0,9,6,0,0,0,5,recovery,994
0.6704464380876134,985,0,8,7,0,0,0,5,recovery,208
0.7168685324179532,984,0,9,7,0,0,0,6,infection,629
0.8023449627595796,984,0,8,8,0,0,0,6,recovery,995
1.0504619296760678,983,0,9,8,0,0,0,7,infection,745
1.4566413762153496,983,0,8,9,0,0,0,7,recovery,992
1.5495046876019403,983,0,7,10,0,0,0,7,recovery,786
1.5530865720230376,982,0,8,10,0,0,0,8,infection,580
2.4119906943182396,981,0,9,10,0,0,0,9,infection,538
2.4475003693687736,981,0,8,11,0,0,0,9,recovery,580
2.671116744052016,981,0,7,12,0,0,0,9,recovery,745
2.8106210922814814,980,0,8,12,0,0,0,10,infection,416
2.897999711562001,979,0,9,12,0,0,0,11,infection,887
3.0819786470984205,979,0,8,13,0,0,0,11,recovery,993
3.120341139886224,979,0,7,14,0,0,0,11,recovery,629
3.321450641604041,978,0,8,14,0,0,0,12,infection,877
3.4100021831677827,978,0,7,15,0,0,0,12,recovery,378
3.412578677593322,978,0,6,16,0,0,0,12,recovery,877
3.568208316058476,977,0,7,16,0,0,0,13,infection,201
4.297618104007331,977,0,6,17,0,0,0,13,recovery,820
5.030023945176727,977,0,5,18,0,0,0,13,recovery,201
5.176276515582238,976,0,6,18,0,0,0,14,infection,224
5.274344489987991,975,0,7,18,0,0,0,15,infection,312
5.375809849286312,975,0,6,19,0,0,0,15,recovery,429
5.3876531949943685,975,0,5,20,0,0,0,15,recovery,1000
5.638635769942237,975,0,4,21,0,0,0,15,recovery,416
5.786929728772557,974,0,5,21,0,0,0,16,infection,426
5.876910784665325,974,0,4,22,0,0,0,16,recovery,538
6.183213464803651,973,0,5,22,0,0,0,17,infection,351
6.242581380006479,972,0,6,22,0,0,0,18,infection,690
6.5382289752297895,972,0,5,23,0,0,0,18,recovery,887
6.552043468718706,972,0,4,24,0,0,0,18,recovery,426
6.629879281162481,971,0,5,24,0,0,0,19,infection,808
6.883295870595162,970,0,6,24,0,0,0,20,infection,831
6.929311226780955,969,0,7,24,0,0,0,21,infection,930
7.3561387289415805,968,0,8,24,0,0,0,22,infection,727
7.539605137460677,967,0,9,24,0,0,0,23,infection,757
7.5519738923567505,966,0,10,24,0,0,0,24,infection,310
7.76232363360572,966,0,9,25,0,0,0,24,recovery,310
8.169913941429751,965,0,10,25,0,0,0,25,infection,308
8.498737561812485,964,0,11,25,0,0,0,26,infection,1
8.606745282649495,963,0,12,25,0,0,0,27,infection,354
8.625252420891677,962,0,13,25,0,0,0,28,infection,622
8.715318189170038,961,0,14,25,0,0,0,29,infection,59
8.728308794895367,960,0,15,25,0,0,0,30,infection,916
8.72992852529982,959,0,16,25,0,0,0,31,infection,743
8.738766709133582,959,0,15,26,0,0,0,31,recovery,690
8.794657291660261,958,0,16,26,0,0,0,32,infection,73
8.885429632484078,957,0,17,26,0,0,0,33,infection,37
9.129296922741633,957,0,16,27,0,0,0,33,recovery,930
9.20516872284997,956,0,17,27,0,0,0,34,infection,489
9.3516115135696,955,0,18,27,0,0,0,35,infection,347
9.450610493712079,954,0,19,27,0,0,0,36,infection,956
9.494455364943516,953,0,20,27,0,0,0,37,infection,767
9.598988563049147,953,0,19,28,0,0,0,37,recovery,224
9.617894995451035,952,0,20,28,0,0,0,38,infection,228
9.704154156225272,952,0,19,29,0,0,0,38,recovery,916
9.715028387917377,951,0,20,29,0,0,0,39,infection,256
9.750965723235943,951,0,19,30,0,0,0,39,recovery,757
9.830856704546123,951,0,18,31,0,0,0,39,recovery,347
9.888426737772175,950,0,19,31,0,0,0,40,infection,709
10.0,949,0,19,32,0,0,1,40,vaccination,69
10.0,948,0,19,33,0,0,2,40,vaccination,263
10.0,947,0,19,34,0,0,3,40,vaccination,691
10.0,946,0,19,35,0,0,4,40,vaccination,401
10.0,945,0,19,36,0,0,5,40,vaccination,687
10.0,944,0,19,37,0,0,6,40,vaccination,701
10.0,943,0,19,38,0,0,7,40,vaccination,323
10.0,942,0,19,39,0,0,8,40,vaccination,528
10.0,941,0,19,40,0,0,9,40,vaccination,746
10.0,940,0,19,41,0,0,10,40,vaccination,124
10.0,939,0,19,42,0,0,11,40,vaccination,860
10.0,938,0,19,43,0,0,12,40,vaccination,148
10.0,937,0,19,44,0,0,13,40,vaccination,891
10.0,936,0,19,45,0,0,14,40,vaccination,536
10.0,935,0,19,46,0,0,15,40,vaccination,74
10.0,934,0,19,47,0,0,16,40,vaccination,292
10.0,933,0,19,48,0,0,17,40,vaccination,589
10.0,932,0,19,49,0,0,18,40,vaccination,530
10.0,931,0,19,50,0,0,19,40,vaccination,874
10.0,930,0,19,51,0,0,20,40,vaccination,764
10.0,929,0,19,52,0,0,21,40,vaccination,759
10.0,928,0,19,53,0,0,22,40,vaccination,432
10.0,927,0,19,54,0,0,23,40,vaccination,974
10.0,926,0,19,55,0,0,24,40,vaccination,739
10.0,925,0,19,56,0,0,25,40,vaccination,518
10.0,924,0,19,57,0,0,26,40,vaccination,112
10.0,923,0,19,58,0,0,27,40,vaccination,770
10.0,922,0,19,59,0,0,28,40,vaccination,704
10.0,921,0,19,60,0,0,29,40,vaccination,483
10.0,920,0,19,61,0,0,30,40,vaccination,311
10.0,919,0,19,62,0,0,31,40,vaccination,334
10.0,918,0,19,63,0,0,32,40,vaccination,787
10.0,917,0,19,64,0,0,33,40,vaccination,682
10.0,916,0,19,65,0,0,34,40,vaccination,81
10.0,915,0,19,66,0,0,35,40,vaccination,240
10.0,914,0,19,67,0,0,36,40,vaccination,658
10.0,913,0,19,68,0,0,37,40,vaccination,313
10.0,912,0,19,69,0,0,38,40,vaccination,245
10.0,911,0,19,70,0,0,39,40,vaccination,614
10.0,910,0,19,71,0,0,40,40,vaccination,610
10.0,909,0,19,72,0,0,41,40,vaccination,182
10.0,908,0,19,73,0,0,42,40,vaccination,41
10.0,907,0,19,74,0,0,43,40,vaccination,865
10.0,906,0,19,75,0,0,44,40,vaccination,525
10.0,905,0,19,76,0,0,45,40,vaccination,960
10.0,904,0,19,77,0,0,46,40,vaccination,134
10.0,903,0,19,78,0,0,47,40,vaccination,521
10.0,902,0,19,79,0,0,48,40,vaccination,303
10.0,901,0,19,80,0,0,49,40,vaccination,927
10.0,900,0,19,81,0,0,50,40,vaccination,952
10.0,899,0,19,82,0,0,51,40,vaccination,267
10.0,898,0,19,83,0,0,52,40,vaccination,542
10.0,897,0,19,84,0,0,53,40,vaccination,276
10.0,896,0,19,85,0,0,54,40,vaccination,571
10.0,895,0,19,86,0,0,55,40,vaccination,507
10.0,894,0,19,87,0,0,56,40,vaccination,216
10.0,893,0,19,88,0,0,57,40,vaccination,909
10.0,892,0,19,89,0,0,58,40,vaccination,61
10.0,891,0,19,90,0,0,59,40,vaccination,573
10.0,890,0,19,91,0,0,60,40,vaccination,662
10.0,889,0,19,92,0,0,61,40,vaccination,430
10.0,888,0,19,93,0,0,62,40,vaccination,360
10.0,887,0,19,94,0,0,63,40,vaccination,331
10.0,886,0,19,95,0,0,64,40,vaccination,979
10.0,885,0,19,96,0,0,65,40,vaccination,278
10.0,884,0,19,97,0,0,66,40,vaccination,568
10.0,883,0,19,98,0,0,67,40,vaccination,937
10.0,882,0,19,99,0,0,68,40,vaccination,650
10.0,881,0,19,100,0,0,69,40,vaccination,39
10.0,880,0,19,101,0,0,70,40,vaccination,781
10.0,879,0,19,102,0,0,71,40,vaccination,9
10.0,878,0,19,103,0,0,72,40,vaccination,683
10.0,877,0,19,104,0,0,73,40,vaccination,885
10.0,876,0,19,105,0,0,74,40,vaccination,457
10.0,875,0,19,106,0,0,75,40,vaccination,590
10.0,874,0,19,107,0,0,76,40,vaccination,30
10.0,873,0,19,108,0,0,77,40,vaccination,484
10.0,872,0,19,109,0,0,78,40,vaccination,724
10.0,871,0,19,110,0,0,79,40,vaccination,519
10.0,870,0,19,111,0,0,80,40,vaccination,469
10.0,869,0,19,112,0,0,81,40,vaccination,139
10.0,868,0,19,113,0,0,82,40,vaccination,281
10.0,867,0,19,114,0,0,83,40,vaccination,143
10.0,866,0,19,115,0,0,84,40,vaccination,44
10.0,865,0,19,116,0,0,85,40,vaccination,214
10.0,864,0,19,117,0,0,86,40,vaccination,539
10.0,863,0,19,118,0,0,87,40,vaccination,385
10.0,862,0,19,119,0,0,88,40,vaccination,730
10.0,861,0,19,120,0,0,89,40,vaccination,773
10.0,860,0,19,121,0,0,90,40,vaccination,666
10.0,859,0,19,122,0,0,91,40,vaccination,141
10.0,858,0,19,123,0,0,92,40,vaccination,200
10.0,857,0,19,124,0,0,93,40,vaccination,85
10.0,856,0,19,125,0,0,94,40,vaccination,357
10.0,855,0,19,126,0,0,95,40,vaccination,901
10.0,854,0,19,127,0,0,96,40,vaccination,243
10.0,853,0,19,128,0,0,97,40,vaccination,25
10.0,852,0,19,129,0,0,98,40,vaccination,64
10.0,851,0,19,130,0,0,99,40,vaccination,551
10.0,850,0,19,131,0,0,100,40,vaccination,205
10.0,849,0,19,132,0,0,101,40,vaccination,203
10.0,848,0,19,133,0,0,102,40,vaccination,410
10.0,847,0,19,134,0,0,103,40,vaccination,526
10.0,846,0,19,135,0,0,104,40,vaccination,149
10.0,845,0,19,136,0,0,105,40,vaccination,217
10.0,844,0,19,137,0,0,106,40,vaccination,914
10.0,843,0,19,138,0,0,107,40,vaccination,535
10.0,842,0,19,139,0,0,108,40,vaccination,460
10.0,841,0,19,140,0,0,109,40,vaccination,712
10.0,840,0,19,141,0,0,110,40,vaccination,158
10.0,839,0,19,142,0,0,111,40,vaccination,932
10.0,838,0,19,143,0,0,112,40,vaccination,756
10.0,837,0,19,144,0,0,113,40,vaccination,90
10.0,836,0,19,145,0,0,114,40,vaccination,322
10.0,835,0,19,146,0,0,115,40,vaccination,369
10.0,834,0,19,147,0,0,116,40,vaccination,751
10.0,833,0,19,148,0,0,117,40,vaccination,465
10.0,832,0,19,149,0,0,118,40,vaccination,871
10.0,831,0,19,150,0,0,119,40,vaccination,910
10.0,830,0,19,151,0,0,120,40,vaccination,22
10.0,829,0,19,152,0,0,121,40,vaccination,625
10.0,828,0,19,153,0,0,122,40,vaccination,393
10.0,827,0,19,154,0,0,123,40,vaccination,915
10.0,826,0,19,155,0,0,124,40,vaccination,765
10.0,825,0,19,156,0,0,125,40,vaccination,4
10.0,824,0,19,157,0,0,126,40,vaccination,814
10.0,823,0,19,158,0,0,127,40,vaccination,878
10.0,822,0,19,159,0,0,128,40,vaccination,680
10.0,821,0,19,160,0,0,129,40,vaccination,738
10.0,820,0,19,161,0,0,130,40,vaccination,657
10.0,819,0,19,162,0,0,131,40,vaccination,512
10.0,818,0,19,163,0,0,132,40,vaccination,696
10.0,817,0,19,164,0,0,133,40,vaccination,923
10.0,816,0,19,165,0,0,134,40,vaccination,933
10.0,815,0,19,166,0,0,135,40,vaccination,938
10.0,814,0,19,167,0,0,136,40,vaccination,989
10.0,813,0,19,168,0,0,137,40,vaccination,600
10.0,812,0,19,169,0,0,138,40,vaccination,397
10.0,811,0,19,170,0,0,139,40,vaccination,665
10.0,810,0,19,171,0,0,140,40,vaccination,470
10.0,809,0,19,172,0,0,141,40,vaccination,881
10.0,808,0,19,173,0,0,142,40,vaccination,634
10.0,807,0,19,174,0,0,143,40,vaccination,126
10.0,806,0,19,175,0,0,144,40,vaccination,801
10.0,805,0,19,176,0,0,145,40,vaccination,150
10.0,804,0,19,177,0,0,146,40,vaccination,846
10.0,803,0,19,178,0,0,147,40,vaccination,931
10.0,802,0,19,179,0,0,148,40,vaccination,560
10.0,801,0,19,180,0,0,149,40,vaccination,607
10.0,800,0,19,181,0,0,150,40,vaccination,602
10.0,799,0,19,182,0,0,151,40,vaccination,424
10.0,798,0,19,183,0,0,152,40,vaccination,867
10.0,797,0,19,184,0,0,153,40,vaccination,864
10.0,796,0,19,185,0,0,154,40,vaccination,100
10.0,795,0,19,186,0,0,155,40,vaccination,257
10.0,794,0,19,187,0,0,156,40,vaccination,115
10.0,793,0,19,188,0,0,157,40,vaccination,626
10.0,792,0,19,189,0,0,158,40,vaccination,352
10.0,791,0,19,190,0,0,159,40,vaccination,692
10.0,790,0,19,191,0,0,160,40,vaccination,689
10.0,789,0,19,192,0,0,161,40,vaccination,644
10.0,788,0,19,193,0,0,162,40,vaccination,674
10.0,787,0,19,194,0,0,163,40,vaccination,541
10.0,786,0,19,195,0,0,164,40,vaccination,598
10.0,785,0,19,196,0,0,165,40,vaccination,227
10.0,784,0,19,197,0,0,166,40,vaccination,144
10.0,783,0,19,198,0,0,167,40,vaccination,681
10.0,782,0,19,199,0,0,168,40,vaccination,647
10.0,781,0,19,200,0,0,169,40,vaccination,631
10.0,780,0,19,201,0,0,170,40,vaccination,179
10.0,779,0,19,202,0,0,171,40,vaccination,239
10.0,778,0,19,203,0,0,172,40,vaccination,976
10.0,777,0,19,204,0,0,173,40,vaccination,515
10.0,776,0,19,205,0,0,174,40,vaccination,803
10.0,775,0,19,206,0,0,175,40,vaccination,760
10.0,774,0,19,207,0,0,176,40,vaccination,837
10.0,773,0,19,208,0,0,177,40,vaccination,945
10.0,772,0,19,209,0,0,178,40,vaccination,640
10.0,771,0,19,210,0,0,179,40,vaccination,160
10.0,770,0,19,211,0,0,180,40,vaccination,612
10.0,769,0,19,212,0,0,181,40,vaccination,928
10.0,768,0,19,213,0,0,182,40,vaccination,345
10.0,767,0,19,214,0,0,183,40,vaccination,327
10.0,766,0,19,215,0,0,184,40,vaccination,60
10.0,765,0,19,216,0,0,185,40,vaccination,434
10.0,764,0,19,217,0,0,186,40,vaccination,185
10.0,763,0,19,218,0,0,187,40,vaccination,91
10.0,762,0,19,219,0,0,188,40,vaccination,987
10.0,761,0,19,220,0,0,189,40,vaccination,314
10.0,760,0,19,221,0,0,190,40,vaccination,171
10.0,759,0,19,222,0,0,191,40,vaccination,705
10.0,758,0,19,223,0,0,192,40,vaccination,366
10.0,757,0,19,224,0,0,193,40,vaccination,508
10.0,756,0,19,225,0,0,194,40,vaccination,986
10.0,755,0,19,226,0,0,195,40,vaccination,742
10.0,754,0,19,227,0,0,196,40,vaccination,377
10.0,753,0,19,228,0,0,197,40,vaccination,904
10.0,752,0,19,229,0,0,198,40,vaccination,20
10.0,751,0,19,230,0,0,199,40,vaccination,392
10.0,750,0,19,231,0,0,200,40,vaccination,632
10.0,749,0,19,232,0,0,201,40,vaccination,880
10.0,748,0,19,233,0,0,202,40,vaccination,501
10.0,747,0,19,234,0,0,203,40,vaccination,165
10.0,746,0,19,235,0,0,204,40,vaccination,66
10.0,745,0,19,236,0,0,205,40,vaccination,250
10.0,744,0,19,237,0,0,206,40,vaccination,419
10.0,743,0,19,238,0,0,207,40,vaccination,211
10.0,742,0,19,239,0,0,208,40,vaccination,750
10.0,741,0,19,240,0,0,209,40,vaccination,782
10.0,740,0,19,241,0,0,210,40,vaccination,944
10.0,739,0,19,242,0,0,211,40,vaccination,57
10.0,738,0,19,243,0,0,212,40,vaccination,247
10.0,737,0,19,244,0,0,213,40,vaccination,269
10.0,736,0,19,245,0,0,214,40,vaccination,108
10.0,735,0,19,246,0,0,215,40,vaccination,232
10.0,734,0,19,247,0,0,216,40,vaccination,966
10.0,733,0,19,248,0,0,217,40,vaccination,11
10.0,732,0,19,249,0,0,218,40,vaccination,67
10.0,731,0,19,250,0,0,219,40,vaccination,193
10.0,730,0,19,251,0,0,220,40,vaccination,254
10.0,729,0,19,252,0,0,221,40,vaccination,93
10.0,728,0,19,253,0,0,222,40,vaccination,925
10.0,727,0,19,254,0,0,223,40,vaccination,422
10.0,726,0,19,255,0,0,224,40,vaccination,38
10.0,725,0,19,256,0,0,225,40,vaccination,295
10.0,724,0,19,257,0,0,226,40,vaccination,895
10.0,723,0,19,258,0,0,227,40,vaccination,379
10.0,722,0,19,259,0,0,228,40,vaccination,31
10.0,721,0,19,260,0,0,229,40,vaccination,68
10.0,720,0,19,261,0,0,230,40,vaccination,195
10.0,719,0,19,262,0,0,231,40,vaccination,642
10.0,718,0,19,263,0,0,232,40,vaccination,586
10.0,717,0,19,264,0,0,233,40,vaccination,332
10.0,716,0,19,265,0,0,234,40,vaccination,376
10.0,715,0,19,266,0,0,235,40,vaccination,804
10.0,714,0,19,267,0,0,236,40,vaccination,338
10.0,713,0,19,268,0,0,237,40,vaccination,752
10.074224385848026,713,0,18,269,0,0,237,40,recovery,37
10.158547574225755,713,0,17,270,0,0,237,40,recovery,354
10.181262939183599,712,0,18,270,0,0,237,41,infection,453
10.22780394144765,712,0,17,271,0,0,237,41,recovery,743
10.25997917786649,712,0,16,272,0,0,237,41,recovery,709
10.478227265526058,712,0,15,273,0,0,237,41,recovery,622
10.515579056059737,712,0,14,274,0,0,237,41,recovery,59
10.909049071103448,711,0,15,274,0,0,237,42,infection,456
11.273300364909781,710,0,16,274,0,0,237,43,infection,531
11.577614106427582,710,0,15,275,0,0,237,43,recovery,453
11.761822426120366,710,0,14,276,0,0,237,43,recovery,808
11.806221940874844,709,0,15,276,0,0,237,44,infection,723
12.19575370960238,708,0,16,276,0,0,237,45,infection,919
12.25322779552316,707,0,17,276,0,0,237,46,infection,234
12.315502935032344,707,0,16,277,0,0,237,46,recovery,956
12.333081880521114,706,0,17,277,0,0,237,47,infection,344
12.357372337844687,705,0,18,277,0,0,237,48,infection,129
12.3806791362719,704,0,19,277,0,0,237,49,infection,812
12.580742437303078,704,0,18,278,0,0,237,49,recovery,919
12.811123466546372,704,0,17,279,0,0,237,49,recovery,727
12.84459233198717,703,0,18,279,0,0,237,50,infection,693
12.858682920965057,703,0,17,280,0,0,237,50,recovery,831
13.399243500336084,703,0,16,281,0,0,237,50,recovery,73
13.564998398534414,702,0,17,281,0,0,237,51,infection,285
13.589651117494151,702,0,16,282,0,0,237,51,recovery,1
13.630847817883016,702,0,15,283,0,0,237,51,recovery,531
13.765472315585951,702,0,14,284,0,0,237,51,recovery,312
13.86141954890099,702,0,13,285,0,0,237,51,recovery,489
14.073854888717088,702,0,12,286,0,0,237,51,recovery,234
14.116170572679497,702,0,11,287,0,0,237,51,recovery,129
14.760664619775017,702,0,10,288,0,0,237,51,recovery,767
14.831245871014868,702,0,9,289,0,0,237,51,recovery,344
14.903123347185643,702,0,8,290,0,0,237,51,recovery,256
14.908233932066885,701,0,9,290,0,0,237,52,infection,549
15.08764370643798,700,0,10,290,0,0,237,53,infection,487
15.424807438965276,699,0,11,290,0,0,237,54,infection,884
15.822718067840931,699,0,10,291,0,0,237,54,recovery,812
16.116207261886,698,0,11,291,0,0,237,55,infection,816
16.15471059056755,698,0,10,292,0,0,237,55,recovery,884
16.278252976152217,697,0,11,292,0,0,237,56,infection,734
16.325249066167746,696,0,12,292,0,0,237,57,infection,51
16.57389192015783,695,0,13,292,0,0,237,58,infection,319
16.623383144974913,695,0,12,293,0,0,237,58,recovery,351
16.77909952389381,694,0,13,293,0,0,237,59,infection,450
16.845540403321206,693,0,14,293,0,0,237,60,infection,490
16.871869711963903,692,0,15,293,0,0,237,61,infection,990
17.033195213435356,691,0,16,293,0,0,237,62,infection,624
17.24426833854076,690,0,17,293,0,0,237,63,infection,417
17.255544016458842,690,0,16,294,0,0,237,63,recovery,990
17.291475068021903,690,0,15,295,0,0,237,63,recovery,319
17.709201001342034,690,0,14,296,0,0,237,63,recovery,723
17.79646512038585,690,0,13,297,0,0,237,63,recovery,417
17.81810230678512,690,0,12,298,0,0,237,63,recovery,308
17.835116774212448,690,0,11,299,0,0,237,63,recovery,693
18.26063620508403,689,0,12,299,0,0,237,64,infection,524
18.333921055681095,688,0,13,299,0,0,237,65,infection,618
18.371079220428758,687,0,14,299,0,0,237,66,infection,593
18.603992358448682,687,0,13,300,0,0,237,66,recovery,490
18.781648244242216,686,0,14,300,0,0,237,67,infection,893
19.375838235788788,686,0,13,301,0,0,237,67,recovery,624
19.51472876926647,686,0,12,302,0,0,237,67,recovery,487
19.652011528032723,686,0,11,303,0,0,237,67,recovery,456
19.765555791884548,685,0,12,303,0,0,237,68,infection,790
19.853019717242393,684,0,13,303,0,0,237,69,infection,585
19.9195070786489,683,0,14,303,0,0,237,70,infection,529
20.010510358306586,683,0,13,304,0,0,237,70,recovery,734
20.430995850222164,682,0,14,304,0,0,237,71,infection,569
20.80733929852514,682,0,13,305,0,0,237,71,recovery,618
21.01874428125908,682,0,12,306,0,0,237,71,recovery,790
21.453077231737726,681,0,13,306,0,0,237,72,infection,54
21.47072063588318,681,0,12,307,0,0,237,72,recovery,54
21.849522536345834,680,0,13,307,0,0,237,73,infection,939
21.89462618963536,679,0,14,307,0,0,237,74,infection,799
21.933281277475164,678,0,15,307,0,0,237,75,infection,283
22.05422289257808,677,0,16,307,0,0,237,76,infection,395
22.055104527816965,676,0,17,307,0,0,237,77,infection,371
22.08407360309007,675,0,18,307,0,0,237,78,infection,850
22.155040461141574,674,0,19,307,0,0,237,79,infection,402
22.255778580907556,674,0,18,308,0,0,237,79,recovery,450
22.288200445685305,674,0,17,309,0,0,237,79,recovery,529
22.488821513590707,673,0,18,309,0,0,237,80,infection,840
22.75661581448894,672,0,19,309,0,0,237,81,infection,461
22.819484912616005,671,0,20,309,0,0,237,82,infection,876
22.82098219445137,670,0,21,309,0,0,237,83,infection,486
22.858976871985774,669,0,22,309,0,0,237,84,infection,161
22.969665339072087,669,0,21,310,0,0,237,84,recovery,549
22.97107362012771,669,0,20,311,0,0,237,84,recovery,524
23.013000479306644,668,0,21,311,0,0,237,85,infection,605
23.199717661892866,668,0,20,312,0,0,237,85,recovery,605
23.248101618984997,668,0,19,313,0,0,237,85,recovery,816
23.317420773629802,667,0,20,313,0,0,237,86,infection,445
23.48594681899524,666,0,21,313,0,0,237,87,infection,241
23.606050264473808,665,0,22,313,0,0,237,88,infection,88
23.689661635260638,664,0,23,313,0,0,237,89,infection,136
23.77536375668871,664,0,22,314,0,0,237,89,recovery,51
24.026700915880156,663,0,23,314,0,0,237,90,infection,611
24.151014183210616,663,0,22,315,0,0,237,90,recovery,850
24.15926487426608,663,0,21,316,0,0,237,90,recovery,585
24.187645667376454,662,0,22,316,0,0,237,91,infection,511
24.193549153141433,662,0,21,317,0,0,237,91,recovery,799
24.20942491062683,662,0,20,318,0,0,237,91,recovery,395
24.223860101295642,661,0,21,318,0,0,237,92,infection,435
24.224426647796903,661,0,20,319,0,0,237,92,recovery,461
24.230535495358783,661,0,19,320,0,0,237,92,recovery,285
24.26115309028449,660,0,20,320,0,0,237,93,infection,654
24.270922588401234,659,0,21,320,0,0,237,94,infection,706
24.430796955926418,659,0,20,321,0,0,237,94,recovery,241
24.515682030688,658,0,21,321,0,0,237,95,infection,28
24.567727844458805,657,0,22,321,0,0,237,96,infection,98
24.704704179391456,657,0,21,322,0,0,237,96,recovery,593
24.774979212752747,657,0,20,323,0,0,237,96,recovery,654
24.80050410675221,656,0,21,323,0,0,237,97,infection,86
24.842927170779536,655,0,22,323,0,0,237,98,infection,433
24.98723619133183,654,0,23,323,0,0,237,99,infection,892
25.12062670531598,653,0,24,323,0,0,237,100,infection,907
25.133984853166186,652,0,25,323,0,0,237,101,infection,299
25.19916042092974,651,0,26,323,0,0,237,102,infection,26
25.389327135209246,651,0,25,324,0,0,237,102,recovery,402
25.46927114246198,651,0,24,325,0,0,237,102,recovery,28
25.791862198777807,651,0,23,326,0,0,237,102,recovery,840
25.892215464026435,650,0,24,326,0,0,237,103,infection,133
25.975438262059566,649,0,25,326,0,0,237,104,infection,843
26.056094978973693,648,0,26,326,0,0,237,105,infection,258
26.19764499208737,647,0,27,326,0,0,237,106,infection,370
26.26962744524458,647,0,26,327,0,0,237,106,recovery,907
26.339410439665425,646,0,27,327,0,0,237,107,infection,971
26.43046417551892,646,0,26,328,0,0,237,107,recovery,433
26.56954835546551,645,0,27,328,0,0,237,108,infection,940
26.61870780222888,644,0,28,328,0,0,237,109,infection,707
26.627179239591616,643,0,29,328,0,0,237,110,infection,46
26.630987571713074,642,0,30,328,0,0,237,111,infection,293
26.633380127801416,642,0,29,329,0,0,237,111,recovery,26
26.690849239578096,642,0,28,330,0,0,237,111,recovery,98
26.706543743628618,642,0,27,331,0,0,237,111,recovery,136
26.93163073457727,641,0,28,331,0,0,237,112,infection,296
26.96244541886914,640,0,29,331,0,0,237,113,infection,170
26.998639337271577,640,0,28,332,0,0,237,113,recovery,893
27.02000673317417,640,0,27,333,0,0,237,113,recovery,486
27.07297038577109,639,0,28,333,0,0,237,114,infection,581
27.073330011513395,638,0,29,333,0,0,237,115,infection,728
27.136921789372746,638,0,28,334,0,0,237,115,recovery,86
27.14040085632622,637,0,29,334,0,0,237,116,infection,24
27.30397058341812,637,0,28,335,0,0,237,116,recovery,581
27.427587662799148,636,0,29,335,0,0,237,117,infection,212
27.427960130661177,635,0,30,335,0,0,237,118,infection,202
27.47182091539412,634,0,31,335,0,0,237,119,infection,731
27.489985682376904,634,0,30,336,0,0,237,119,recovery,371
27.57400717275299,633,0,31,336,0,0,237,120,infection,21
27.699151104031944,632,0,32,336,0,0,237,121,infection,898
27.71050628690287,632,0,31,337,0,0,237,121,recovery,293
27.740609915656382,631,0,32,337,0,0,237,122,infection,128
27.818700826249735,630,0,33,337,0,0,237,123,infection,104
27.904815003927848,630,0,32,338,0,0,237,123,recovery,283
27.924285618926717,630,0,31,339,0,0,237,123,recovery,88
27.994516646776848,629,0,32,339,0,0,237,124,infection,189
28.014431720081284,629,0,31,340,0,0,237,124,recovery,971
28.018547114630955,628,0,32,340,0,0,237,125,infection,929
28.046003569560614,627,0,33,340,0,0,237,126,infection,222
28.053169694936805,627,0,32,341,0,0,237,126,recovery,843
28.083151051694298,626,0,33,341,0,0,237,127,infection,33
28.08801722511804,625,0,34,341,0,0,237,128,infection,284
28.112366774795024,624,0,35,341,0,0,237,129,infection,517
28.114426667176488,623,0,36,341,0,0,237,130,infection,162
28.136764346372555,623,0,35,342,0,0,237,130,recovery,212
28.16290922762718,622,0,36,342,0,0,237,131,infection,446
28.29148172021098,622,0,35,343,0,0,237,131,recovery,161
28.37006716819556,622,0,34,344,0,0,237,131,recovery,133
28.372494539232775,622,0,33,345,0,0,237,131,recovery,940
28.391265139601778,621,0,34,345,0,0,237,132,infection,391
28.473744189691203,620,0,35,345,0,0,237,133,infection,305
28.497288330997993,620,0,34,346,0,0,237,133,recovery,296
28.62006587820251,619,0,35,346,0,0,237,134,infection,359
28.634430960927798,618,0,36,346,0,0,237,135,infection,608
28.647436781824535,617,0,37,346,0,0,237,136,infection,168
28.6754737259161,616,0,38,346,0,0,237,137,infection,491
28.678777991258798,616,0,37,347,0,0,237,137,recovery,728
28.726820832132496,616,0,36,348,0,0,237,137,recovery,939
28.745121971865817,615,0,37,348,0,0,237,138,infection,780
28.798278241780803,614,0,38,348,0,0,237,139,infection,423
28.834708442446267,614,0,37,349,0,0,237,139,recovery,21
28.939215244351345,613,0,38,349,0,0,237,140,infection,459
29.044436924218168,613,0,37,350,0,0,237,140,recovery,569
29.04557035395755,613,0,36,351,0,0,237,140,recovery,731
29.05305399284171,613,0,35,352,0,0,237,140,recovery,202
29.07460268455726,613,0,34,353,0,0,237,140,recovery,258
29.169766782252267,612,0,35,353,0,0,237,141,infection,537
29.19303722142803,611,0,36,353,0,0,237,142,infection,183
29.19959936980554,610,0,37,353,0,0,237,143,infection,514
29.21682851422618,610,0,36,354,0,0,237,143,recovery,183
29.297746915566133,610,0,35,355,0,0,237,143,recovery,189
29.37547427123206,610,0,34,356,0,0,237,143,recovery,222
29.496401899901308,610,0,33,357,0,0,237,143,recovery,305
29.6335432723373,609,0,34,357,0,0,237,144,infection,855
29.637185692751263,609,0,33,358,0,0,237,144,recovery,168
29.708584981819577,608,0,34,358,0,0,237,145,infection,321
29.741260192583383,607,0,35,358,0,0,237,146,infection,197
29.754111580261434,607,0,34,359,0,0,237,146,recovery,611
29.875565935333626,607,0,33,360,0,0,237,146,recovery,446
29.928784270254965,606,0,34,360,0,0,237,147,infection,588
29.964695019115858,605,0,35,360,0,0,237,148,infection,684
29.969858196633574,605,0,34,361,0,0,237,148,recovery,284
30.031358563165337,605,0,33,362,0,0,237,148,recovery,170
30.05202459681406,604,0,34,362,0,0,237,149,infection,700
30.098135726676304,603,0,35,362,0,0,237,150,infection,180
30.14440242026437,602,0,36,362,0,0,237,151,infection,594
30.177392187141187,602,0,35,363,0,0,237,151,recovery,33
30.220985466369264,602,0,34,364,0,0,237,151,recovery,24
30.221640580141436,602,0,33,365,0,0,237,151,recovery,707
30.23246473189177,601,0,34,365,0,0,237,152,infection,792
30.390531818426005,601,0,33,366,0,0,237,152,recovery,780
30.39671851857781,600,0,34,366,0,0,237,153,infection,733
30.401262147660006,600,0,33,367,0,0,237,153,recovery,423
30.427857184340553,600,0,32,368,0,0,237,153,recovery,733
30.453584871715485,600,0,31,369,0,0,237,153,recovery,445
30.538412961795483,599,0,32,369,0,0,237,154,infection,655
30.538692318201186,598,0,33,369,0,0,237,155,infection,502
30.568814725393455,598,0,32,370,0,0,237,155,recovery,104
30.660099588417317,597,0,33,370,0,0,237,156,infection,660
30.78936746061256,596,0,34,370,0,0,237,157,infection,282
30.812116814334082,595,0,35,370,0,0,237,158,infection,699
30.833382067341812,594,0,36,370,0,0,237,159,infection,749
30.912376333098486,593,0,37,370,0,0,237,160,infection,833
31.082378473182903,593,0,36,371,0,0,237,160,recovery,929
31.256042763153722,593,0,35,372,0,0,237,160,recovery,162
31.289745153708285,592,0,36,372,0,0,237,161,infection,562
31.311083212967198,591,0,37,372,0,0,237,162,infection,984
31.318128122391844,590,0,38,372,0,0,237,163,infection,561
31.322079223203737,589,0,39,372,0,0,237,164,infection,935
31.344825684523034,589,0,38,373,0,0,237,164,recovery,660
31.389432023205384,589,0,37,374,0,0,237,164,recovery,517
31.496271281119494,589,0,36,375,0,0,237,164,recovery,391
31.629019627748864,588,0,37,375,0,0,237,165,infection,720
31.657452890358226,588,0,36,376,0,0,237,165,recovery,898
31.668130833251528,587,0,37,376,0,0,237,166,infection,300
31.701886506370617,587,0,36,377,0,0,237,166,recovery,502
31.70561154100619,586,0,37,377,0,0,237,167,infection,253
31.805688147034243,586,0,36,378,0,0,237,167,recovery,699
31.829308075072074,586,0,35,379,0,0,237,167,recovery,720
31.91319927510019,586,0,34,380,0,0,237,167,recovery,370
31.914542347515077,586,0,33,381,0,0,237,167,recovery,491
31.93024337908182,585,0,34,381,0,0,237,168,infection,287
32.03070969661533,585,0,33,382,0,0,237,168,recovery,128
32.06366914303767,584,0,34,382,0,0,237,169,infection,754
32.164988280160934,584,0,33,383,0,0,237,169,recovery,700
32.315662319173455,583,0,34,383,0,0,237,170,infection,858
32.36555344015428,582,0,35,383,0,0,237,171,infection,273
32.42977848673692,581,0,36,383,0,0,237,172,infection,591
32.43631282204737,581,0,35,384,0,0,237,172,recovery,754
32.489991062188345,580,0,36,384,0,0,237,173,infection,420
32.49625111353789,579,0,37,384,0,0,237,174,infection,905
32.575398498493946,578,0,38,384,0,0,237,175,infection,506
32.717304790732754,577,0,39,384,0,0,237,176,infection,762
32.72563759237758,576,0,40,384,0,0,237,177,infection,8
32.77269236619367,576,0,39,385,0,0,237,177,recovery,858
32.77335287616072,575,0,40,385,0,0,237,178,infection,373
32.86306559532761,574,0,41,385,0,0,237,179,infection,886
32.93006532453575,574,0,40,386,0,0,237,179,recovery,684
33.03813436086445,573,0,41,386,0,0,237,180,infection,851
33.05948276141213,572,0,42,386,0,0,237,181,infection,12
33.13975481224843,572,0,41,387,0,0,237,181,recovery,12
33.14667369255444,571,0,42,387,0,0,237,182,infection,983
33.20334018541691,570,0,43,387,0,0,237,183,infection,233
33.23138617918499,569,0,44,387,0,0,237,184,infection,546
33.25938525280826,569,0,43,388,0,0,237,184,recovery,300
33.340616373031544,568,0,44,388,0,0,237,185,infection,2
33.34414965562304,567,0,45,388,0,0,237,186,infection,249
33.39425475490618,567,0,44,389,0,0,237,186,recovery,420
33.42230785448518,566,0,45,389,0,0,237,187,infection,859
33.42657704509104,566,0,44,390,0,0,237,187,recovery,46
33.43038045505978,565,0,45,390,0,0,237,188,infection,441
33.45083318118798,565,0,44,391,0,0,237,188,recovery,180
33.51450383624308,564,0,45,391,0,0,237,189,infection,975
33.51870549945946,564,0,44,392,0,0,237,189,recovery,282
33.52877802950891,563,0,45,392,0,0,237,190,infection,101
33.53334634706653,562,0,46,392,0,0,237,191,infection,386
33.61904282895598,561,0,47,392,0,0,237,192,infection,661
33.64060275518681,560,0,48,392,0,0,237,193,infection,793
33.64502938676156,560,0,47,393,0,0,237,193,recovery,855
33.65682118471428,559,0,48,393,0,0,237,194,infection,264
33.73737107242242,558,0,49,393,0,0,237,195,infection,777
33.76917433247205,557,0,50,393,0,0,237,196,infection,651
33.87545487665105,557,0,49,394,0,0,237,196,recovery,833
33.97717088185475,556,0,50,394,0,0,237,197,infection,575
34.03072931535977,555,0,51,394,0,0,237,198,infection,65
34.06138063782022,555,0,50,395,0,0,237,198,recovery,546
34.075574994442,554,0,51,395,0,0,237,199,infection,775
34.10022462982602,554,0,50,396,0,0,237,199,recovery,8
34.100634545666956,553,0,51,396,0,0,237,200,infection,567
34.13882926515581,552,0,52,396,0,0,237,201,infection,444
34.183081498295024,552,0,51,397,0,0,237,201,recovery,435
34.19054018019461,552,0,50,398,0,0,237,201,recovery,373
34.203258764410386,552,0,49,399,0,0,237,201,recovery,651
34.25287085220623,551,0,50,399,0,0,237,202,infection,289
34.310156093541536,551,0,49,400,0,0,237,202,recovery,249
34.39666874001399,550,0,50,400,0,0,237,203,infection,959
34.45690390860145,550,0,49,401,0,0,237,203,recovery,588
34.54050944041397,550,0,48,402,0,0,237,203,recovery,441
34.579824959544766,549,0,49,402,0,0,237,204,infection,157
34.61893055592754,548,0,50,402,0,0,237,205,infection,405
34.646898768656115,548,0,49,403,0,0,237,205,recovery,233
34.65762729995152,547,0,50,403,0,0,237,206,infection,570
34.66911161686197,546,0,51,403,0,0,237,207,infection,223
34.71712934107716,546,0,50,404,0,0,237,207,recovery,101
34.76393970829684,546,0,49,405,0,0,237,207,recovery,935
34.96025147759018,546,0,48,406,0,0,237,207,recovery,405
34.96546986262379,546,0,47,407,0,0,237,207,recovery,905
34.968909821062894,545,0,48,407,0,0,237,208,infection,698
34.99953382385945,545,0,47,408,0,0,237,208,recovery,506
35.009871503941255,545,0,46,409,0,0,237,208,recovery,851
35.02948786707266,545,0,45,410,0,0,237,208,recovery,777
35.04510234097198,545,0,44,411,0,0,237,208,recovery,706
35.07133764992773,545,0,43,412,0,0,237,208,recovery,562
35.15065260845157,544,0,44,412,0,0,237,209,infection,97
35.17713213027702,543,0,45,412,0,0,237,210,infection,564
35.19534729945569,542,0,46,412,0,0,237,211,infection,438
35.21507446952524,541,0,47,412,0,0,237,212,infection,440
35.232741579978,541,0,46,413,0,0,237,212,recovery,444
35.26297643851831,541,0,45,414,0,0,237,212,recovery,264
35.275024874641844,540,0,46,414,0,0,237,213,infection,552
35.30564670038427,539,0,47,414,0,0,237,214,infection,431
35.30941951167354,538,0,48,414,0,0,237,215,infection,973
35.369358968190234,538,0,47,415,0,0,237,215,recovery,253
35.37609100159892,538,0,46,416,0,0,237,215,recovery,792
35.50063995653658,537,0,47,416,0,0,237,216,infection,866
35.5292713424175,537,0,46,417,0,0,237,216,recovery,749
35.57675796073672,536,0,47,417,0,0,237,217,infection,606
35.713493491813395,536,0,46,418,0,0,237,217,recovery,359
35.73639101472199,536,0,45,419,0,0,237,217,recovery,591
35.73643819941276,536,0,44,420,0,0,237,217,recovery,775
35.83604934620803,536,0,43,421,0,0,237,217,recovery,983
35.97341011929176,536,0,42,422,0,0,237,217,recovery,606
36.00185073875767,535,0,43,422,0,0,237,218,infection,504
36.0283397650645,535,0,42,423,0,0,237,218,recovery,431
36.05993953122592,534,0,43,423,0,0,237,219,infection,294
36.220576483435686,533,0,44,423,0,0,237,220,infection,105
36.24415288725529,532,0,45,423,0,0,237,221,infection,186
36.266038382734614,532,0,44,424,0,0,237,221,recovery,886
36.31997563354966,531,0,45,424,0,0,237,222,infection,918
36.43427374449614,530,0,46,424,0,0,237,223,infection,236
36.53235914111272,530,0,45,425,0,0,237,223,recovery,537
36.56310762282215,530,0,44,426,0,0,237,223,recovery,223
36.637553796160596,530,0,43,427,0,0,237,223,recovery,661
36.65601045842606,530,0,42,428,0,0,237,223,recovery,575
36.76617421430168,529,0,43,428,0,0,237,224,infection,943
36.76917352276632,528,0,44,428,0,0,237,225,infection,497
36.81834420394155,527,0,45,428,0,0,237,226,infection,675
36.8495935955422,527,0,44,429,0,0,237,226,recovery,228
36.87481111129646,526,0,45,429,0,0,237,227,infection,384
36.88351589222922,525,0,46,429,0,0,237,228,infection,118
36.96088738110208,525,0,45,430,0,0,237,228,recovery,859
37.01471583331084,525,0,44,431,0,0,237,228,recovery,514
37.17211501438625,524,0,45,431,0,0,237,229,infection,468
37.220075853442786,524,0,44,432,0,0,237,229,recovery,459
37.22814489237382,523,0,45,432,0,0,237,230,infection,628
37.25670044011612,522,0,46,432,0,0,237,231,infection,678
37.27381050830817,522,0,45,433,0,0,237,231,recovery,975
37.34436569148529,521,0,46,433,0,0,237,232,infection,84
37.3488958075896,521,0,45,434,0,0,237,232,recovery,675
37.46802674924561,520,0,46,434,0,0,237,233,infection,45
37.58315552951009,520,0,45,435,0,0,237,233,recovery,440
37.647147293654115,520,0,44,436,0,0,237,233,recovery,2
37.70283135680057,520,0,43,437,0,0,237,233,recovery,594
37.739385400764654,519,0,44,437,0,0,237,234,infection,42
37.80757037805362,519,0,43,438,0,0,237,234,recovery,943
37.81642759425621,519,0,42,439,0,0,237,234,recovery,45
37.94070574126376,519,0,41,440,0,0,237,234,recovery,762
37.94617181428182,519,0,40,441,0,0,237,234,recovery,118
38.0499248381004,519,0,39,442,0,0,237,234,recovery,386
38.09263250203694,519,0,38,443,0,0,237,234,recovery,289
38.104272178497645,518,0,39,443,0,0,237,235,infection,70
38.13517696133822,518,0,38,444,0,0,237,235,recovery,294
38.15700947212786,517,0,39,444,0,0,237,236,infection,835
38.16761928347732,516,0,40,444,0,0,237,237,infection,613
38.178077681770006,516,0,39,445,0,0,237,237,recovery,570
38.24724819023291,515,0,40,445,0,0,237,238,infection,271
38.290882348419075,515,0,39,446,0,0,237,238,recovery,497
38.35314895736552,515,0,38,447,0,0,237,238,recovery,918
38.35334023278684,514,0,39,447,0,0,237,239,infection,381
38.45723699293153,513,0,40,447,0,0,237,240,infection,111
38.601404842239454,513,0,39,448,0,0,237,240,recovery,105
38.60346836350147,512,0,40,448,0,0,237,241,infection,809
38.61388312417828,512,0,39,449,0,0,237,241,recovery,271
38.62727706752982,512,0,38,450,0,0,237,241,recovery,299
38.63366062705735,512,0,37,451,0,0,237,241,recovery,876
38.638048585955595,512,0,36,452,0,0,237,241,recovery,111
38.653307873173645,512,0,35,453,0,0,237,241,recovery,628
38.82894958582657,512,0,34,454,0,0,237,241,recovery,552
38.87520579060118,511,0,35,454,0,0,237,242,infection,729
38.88455296275884,511,0,34,455,0,0,237,242,recovery,65
38.95221433180139,510,0,35,455,0,0,237,243,infection,985
39.00848858287935,510,0,34,456,0,0,237,243,recovery,186
39.098013944105666,510,0,33,457,0,0,237,243,recovery,613
39.12341917865986,510,0,32,458,0,0,237,243,recovery,157
39.28088909983126,509,0,33,458,0,0,237,244,infection,869
39.321834242686485,509,0,32,459,0,0,237,244,recovery,70
39.43055106269282,508,0,33,459,0,0,237,245,infection,592
39.5664626412647,507,0,34,459,0,0,237,246,infection,669
39.62270670299594,507,0,33,460,0,0,237,246,recovery,468
39.64061912903411,507,0,32,461,0,0,237,246,recovery,273
39.94688215941677,507,0,31,462,0,0,237,246,recovery,511
40.0,507,0,31,462,0,0,237,246,horizon,0
