time,Think_1,Think_2,Think_3,Think_4,Think_5,Hungry_1,Hungry_2,Hungry_3,Hungry_4,Hungry_5,Eat_1,Eat_2,Eat_3,Eat_4,Eat_5,Fork_1,Fork_2,Fork_3,Fork_4,Fork_5,Arbiter
0.0,1.0,1.0,1.0,1.0,1.0,0.0,0.0,0.0,0.0,0.0,0.0,0.0,0.0,0.0,0.0,1.0,1.0,1.0,1.0,1.0,4.0
0.1,0.6379851451258448,0.6379851451258448,0.6379851451258448,0.6379851451258448,0.6379851451258448,0.34698107102409026,0.34698107102409026,0.34698107102409026,0.34698107102409026,0.34698107102409026,0.015033783850064783,0.015033783850064783,0.015033783850064783,0.015033783850064783,0.015033783850064783,0.6229513612757801,0.6229513612757801,0.6229513612757801,0.6229513612757801,0.6229513612757801,2.189925725629224
0.2,0.5226054983302442,0.5226054983302442,0.5226054983302442,0.5226054983302442,0.5226054983302442,0.443820869563749,0.443820869563749,0.443820869563749,0.443820869563749,0.443820869563749,0.03357363210600676,0.03357363210600676,0.03357363210600676,0.03357363210600676,0.03357363210600676,0.4890318662242373,0.4890318662242373,0.4890318662242373,0.4890318662242373,0.4890318662242373,1.61302749165122
0.3,0.464002044761136,0.464002044761136,0.464002044761136,0.464002044761136,0.464002044761136,0.4872398400301245,0.4872398400301245,0.4872398400301245,0.4872398400301245,0.4872398400301245,0.048758115208739405,0.048758115208739405,0.048758115208739405,0.048758115208739405,0.048758115208739405,0.4152439295523964,0.4152439295523964,0.4152439295523964,0.4152439295523964,0.4152439295523964,1.320010223805679
0.4,0.42897580992984813,0.42897580992984813,0.42897580992984813,0.42897580992984813,0.42897580992984813,0.5104552827184619,0.5104552827184619,0.5104552827184619,0.5104552827184619,0.5104552827184619,0.06056890735168986,0.06056890735168986,0.06056890735168986,0.06056890735168986,0.06056890735168986,0.3684069025781581,0.3684069025781581,0.3684069025781581,0.3684069025781581,0.3684069025781581,1.14487904964924
0.5,0.40628276972118177,0.40628276972118177,0.40628276972118177,0.40628276972118177,0.40628276972118177,0.5240888926148827,0.5240888926148827,0.5240888926148827,0.5240888926148827,0.5240888926148827,0.06962833766393539,0.06962833766393539,0.06962833766393539,0.06962833766393539,0.06962833766393539,0.33665443205724627,0.33665443205724627,0.33665443205724627,0.33665443205724627,0.33665443205724627,1.0314138486059083
0.6,0.3908908994156298,0.3908908994156298,0.3908908994156298,0.3908908994156298,0.3908908994156298,0.5325623952232532,0.5325623952232532,0.5325623952232532,0.5325623952232532,0.5325623952232532,0.0765467053611168,0.0765467053611168,0.0765467053611168,0.0765467053611168,0.0765467053611168,0.31434419405451286,0.31434419405451286,0.31434419405451286,0.31434419405451286,0.31434419405451286,0.9544544970781483
0.7,0.3801572795524419,0.3801572795524419,0.3801572795524419,0.3801572795524419,0.3801572795524419,0.5380185115493278,0.5380185115493278,0.5380185115493278,0.5380185115493278,0.5380185115493278,0.08182420889823018,0.08182420889823018,0.08182420889823018,0.08182420889823018,0.08182420889823018,0.2983330706542115,0.2983330706542115,0.2983330706542115,0.2983330706542115,0.2983330706542115,0.9007863977622084
0.8,0.37254255074461895,0.37254255074461895,0.37254255074461895,0.37254255074461895,0.37254255074461895,0.5416061847824972,0.5416061847824972,0.5416061847824972,0.5416061847824972,0.5416061847824972,0.08585126447288355,0.08585126447288355,0.08585126447288355,0.08585126447288355,0.08585126447288355,0.28669128627173524,0.28669128627173524,0.28669128627173524,0.28669128627173524,0.28669128627173524,0.862712753723094
0.9,0.3670843313220603,0.3670843313220603,0.3670843313220603,0.3670843313220603,0.3670843313220603,0.5439883702586615,0.5439883702586615,0.5439883702586615,0.5439883702586615,0.5439883702586615,0.08892729841927788,0.08892729841927788,0.08892729841927788,0.08892729841927788,0.08892729841927788,0.2781570329027822,0.2781570329027822,0.2781570329027822,0.2781570329027822,0.2781570329027822,0.8354216566103005
1.0,0.3631500937754851,0.3631500937754851,0.3631500937754851,0.3631500937754851,0.3631500937754851,0.5455695625377022,0.5455695625377022,0.5455695625377022,0.5455695625377022,0.5455695625377022,0.09128034368681251,0.09128034368681251,0.09128034368681251,0.09128034368681251,0.09128034368681251,0.27186975008867237,0.27186975008867237,0.27186975008867237,0.27186975008867237,0.27186975008867237,0.8157504688774246
1.1,0.3603089033350737,0.3603089033350737,0.3603089033350737,0.3603089033350737,0.3603089033350737,0.5466075289550428,0.5466075289550428,0.5466075289550428,0.5466075289550428,0.5466075289550428,0.09308356770988332,0.09308356770988332,0.09308356770988332,0.09308356770988332,0.09308356770988332,0.26722533562519013,0.26722533562519013,0.26722533562519013,0.26722533562519013,0.26722533562519013,0.8015445166753675
1.2,0.35825943984400616,0.35825943984400616,0.35825943984400616,0.35825943984400616,0.35825943984400616,0.5472722203994335,0.5472722203994335,0.5472722203994335,0.5472722203994335,0.5472722203994335,0.09446833975656029,0.09446833975656029,0.09446833975656029,0.09446833975656029,0.09446833975656029,0.26379110008744566,0.26379110008744566,0.26379110008744566,0.26379110008744566,0.26379110008744566,0.7912971992200296
1.3,0.3567870144551411,0.3567870144551411,0.3567870144551411,0.3567870144551411,0.3567870144551411,0.5476786795279696,0.5476786795279696,0.5476786795279696,0.5476786795279696,0.5476786795279696,0.09553430601688924,0.09553430601688924,0.09553430601688924,0.09553430601688924,0.09553430601688924,0.26125270843825166,0.26125270843825166,0.26125270843825166,0.26125270843825166,0.26125270843825166,0.7839350722757046
1.4,0.35573658370117434,0.35573658370117434,0.35573658370117434,0.35573658370117434,0.35573658370117434,0.5479063428333596,0.5479063428333596,0.5479063428333596,0.5479063428333596,0.5479063428333596,0.09635707346546606,0.09635707346546606,0.09635707346546606,0.09635707346546606,0.09635707346546606,0.259379510235708,0.259379510235708,0.259379510235708,0.259379510235708,0.259379510235708,0.7786829185058703
1.5,0.35499510695905834,0.35499510695905834,0.35499510695905834,0.35499510695905834,0.35499510695905834,0.5480108512283207,0.5480108512283207,0.5480108512283207,0.5480108512283207,0.5480108512283207,0.09699404181262093,0.09699404181262093,0.09699404181262093,0.09699404181262093,0.09699404181262093,0.25800106514643717,0.25800106514643717,0.25800106514643717,0.25800106514643717,0.25800106514643717,0.7749755347952905
1.6,0.35447962821111834,0.35447962821111834,0.35447962821111834,0.35447962821111834,0.35447962821111834,0.5480315503907119,0.5480315503907119,0.5480315503907119,0.5480315503907119,0.5480315503907119,0.09748882139816978,0.09748882139816978,0.09748882139816978,0.09748882139816978,0.09748882139816978,0.2569908068129483,0.2569908068129483,0.2569908068129483,0.2569908068129483,0.2569908068129483,0.7723981410555903
1.7,0.3541290177565817,0.3541290177565817,0.3541290177565817,0.3541290177565817,0.3541290177565817,0.5479964073846787,0.5479964073846787,0.5479964073846787,0.5479964073846787,0.5479964073846787,0.09787457485873954,0.09787457485873954,0.09787457485873954,0.09787457485873954,0.09787457485873954,0.2562544428978419,0.2562544428978419,0.2562544428978419,0.2562544428978419,0.2562544428978419,0.7706450887829072
1.8,0.3538981255685384,0.3538981255685384,0.3538981255685384,0.3538981255685384,0.3538981255685384,0.5479253272764106,0.5479253272764106,0.5479253272764106,0.5479253272764106,0.5479253272764106,0.09817654715505099,0.09817654715505099,0.09817654715505099,0.09817654715505099,0.09817654715505099,0.25572157841348714,0.25572157841348714,0.25572157841348714,0.25572157841348714,0.25572157841348714,0.7694906278426905
1.9,0.3537535819255751,0.3537535819255751,0.3537535819255751,0.3537535819255751,0.3537535819255751,0.5478324399075922,0.5478324399075922,0.5478324399075922,0.5478324399075922,0.5478324399075922,0.09841397816683274,0.09841397816683274,0.09841397816683274,0.09841397816683274,0.09841397816683274,0.25533960375874204,0.25533960375874204,0.25533960375874204,0.25533960375874204,0.25533960375874204,0.7687679096278741
2.0,0.35367073900595475,0.35367073900595475,0.35367073900595475,0.35367073900595475,0.35367073900595475,0.5477277094192878,0.5477277094192878,0.5477277094192878,0.5477277094192878,0.5477277094192878,0.09860155157475751,0.09860155157475751,0.09860155157475751,0.09860155157475751,0.09860155157475751,0.2550691874311969,0.2550691874311969,0.2550691874311969,0.2550691874311969,0.2550691874311969,0.7683536950297721
2.1,0.3536314263919405,0.3536314263919405,0.3536314263919405,0.3536314263919405,0.3536314263919405,0.5476180824894807,0.5476180824894807,0.5476180824894807,0.5476180824894807,0.5476180824894807,0.09875049111857878,0.09875049111857878,0.09875049111857878,0.09875049111857878,0.09875049111857878,0.2548809352733614,0.2548809352733614,0.2548809352733614,0.2548809352733614,0.2548809352733614,0.7681571319597009
2.2,0.35362229175391535,0.35362229175391535,0.35362229175391535,0.35362229175391535,0.35362229175391535,0.5475083173655069,0.5475083173655069,0.5475083173655069,0.5475083173655069,0.5475083173655069,0.09886939088057786,0.09886939088057786,0.09886939088057786,0.09886939088057786,0.09886939088057786,0.25475290087333724,0.25475290087333724,0.25475290087333724,0.25475290087333724,0.25475290087333724,0.7681114587695753
2.3,0.3536335678608255,0.3536335678608255,0.3536335678608255,0.3536335678608255,0.3536335678608255,0.5474015875214329,0.5474015875214329,0.5474015875214329,0.5474015875214329,0.5474015875214329,0.09896484461774172,0.09896484461774172,0.09896484461774172,0.09896484461774172,0.09896484461774172,0.25466872324308354,0.25466872324308354,0.25466872324308354,0.25466872324308354,0.25466872324308354,0.768167839304126
2.4,0.35365815385597943,0.35365815385597943,0.35365815385597943,0.35365815385597943,0.35365815385597943,0.5472999233753619,0.5472999233753619,0.5472999233753619,0.5472999233753619,0.5472999233753619,0.09904192276865882,0.09904192276865882,0.09904192276865882,0.09904192276865882,0.09904192276865882,0.25461623108732034,0.25461623108732034,0.25461623108732034,0.25461623108732034,0.25461623108732034,0.7682907692798956
2.5,0.35369092907002625,0.35369092907002625,0.35369092907002625,0.35369092907002625,0.35369092907002625,0.5472045366054858,0.5472045366054858,0.5472045366054858,0.5472045366054858,0.5472045366054858,0.09910453432448803,0.09910453432448803,0.09910453432448803,0.09910453432448803,0.09910453432448803,0.254586394745538,0.254586394745538,0.254586394745538,0.254586394745538,0.254586394745538,0.7684546453501299
2.6,0.35372824006169423,0.35372824006169423,0.35372824006169423,0.35372824006169423,0.35372824006169423,0.5471160584563365,0.5471160584563365,0.5471160584563365,0.5471160584563365,0.5471160584563365,0.0991557014819694,0.0991557014819694,0.0991557014819694,0.0991557014819694,0.0991557014819694,0.2545725385797246,0.2545725385797246,0.2545725385797246,0.2545725385797246,0.2545725385797246,0.7686412003084698
2.7,0.35376751706504733,0.35376751706504733,0.35376751706504733,0.35376751706504733,0.35376751706504733,0.547034714685994,0.547034714685994,0.547034714685994,0.547034714685994,0.547034714685994,0.09919776824895885,0.09919776824895885,0.09919776824895885,0.09919776824895885,0.09919776824895885,0.2545697488160883,0.2545697488160883,0.2545697488160883,0.2545697488160883,0.2545697488160883,0.7688375853252354
2.8,0.353806987262519,0.353806987262519,0.353806987262519,0.353806987262519,0.353806987262519,0.5469604536793375,0.5469604536793375,0.5469604536793375,0.5469604536793375,0.5469604536793375,0.09923255905814353,0.09923255905814353,0.09923255905814353,0.09923255905814353,0.09923255905814353,0.25457442820437526,0.25457442820437526,0.25457442820437526,0.25457442820437526,0.25457442820437526,0.7690349363125937
2.9,0.35384546077806045,0.35384546077806045,0.35384546077806045,0.35384546077806045,0.35384546077806045,0.5468930397955577,0.5468930397955577,0.5468930397955577,0.5468930397955577,0.5468930397955577,0.09926149942638193,0.09926149942638193,0.09926149942638193,0.09926149942638193,0.09926149942638193,0.2545839613516783,0.2545839613516783,0.2545839613516783,0.2545839613516783,0.2545839613516783,0.7692273038903008
3.0,0.35388217114051107,0.35388217114051107,0.35388217114051107,0.35388217114051107,0.35388217114051107,0.5468321209760889,0.5468321209760889,0.5468321209760889,0.5468321209760889,0.5468321209760889,0.09928570788340009,0.09928570788340009,0.09928570788340009,0.09928570788340009,0.09928570788340009,0.25459646325711077,0.25459646325711077,0.25459646325711077,0.25459646325711077,0.25459646325711077,0.769410855702554
3.1,0.353916656406378,0.353916656406378,0.353916656406378,0.353916656406378,0.353916656406378,0.5467772773544227,0.5467772773544227,0.5467772773544227,0.5467772773544227,0.5467772773544227,0.09930606623919941,0.09930606623919941,0.09930606623919941,0.09930606623919941,0.09930606623919941,0.25461059016717835,0.25461059016717835,0.25461059016717835,0.25461059016717835,0.25461059016717835,0.7695832820318883
3.2,0.35394867128272317,0.35394867128272317,0.35394867128272317,0.35394867128272317,0.35394867128272317,0.5467280555860645,0.5467280555860645,0.5467280555860645,0.5467280555860645,0.5467280555860645,0.09932327313121231,0.09932327313121231,0.09932327313121231,0.09932327313121231,0.09932327313121231,0.2546253981515107,0.2546253981515107,0.2546253981515107,0.2546253981515107,0.2546253981515107,0.7697433564136145
3.3,0.3539781226879636,0.3539781226879636,0.3539781226879636,0.3539781226879636,0.3539781226879636,0.5466839925921043,0.5466839925921043,0.5466839925921043,0.5466839925921043,0.5466839925921043,0.09933788471993212,0.09933788471993212,0.09933788471993212,0.09933788471993212,0.09933788471993212,0.25464023796803126,0.25464023796803126,0.25464023796803126,0.25464023796803126,0.25464023796803126,0.7698906134398164
3.4,0.35400502147014123,0.35400502147014123,0.35400502147014123,0.35400502147014123,0.35400502147014123,0.5466446321299964,0.5466446321299964,0.5466446321299964,0.5466446321299964,0.5466446321299964,0.09935034639986241,0.09935034639986241,0.09935034639986241,0.09935034639986241,0.09935034639986241,0.2546546750702786,0.2546546750702786,0.2546546750702786,0.2546546750702786,0.2546546750702786,0.7700251073507046
3.5,0.35402944738816206,0.35402944738816206,0.35402944738816206,0.35402944738816206,0.35402944738816206,0.5466095355178919,0.5466095355178919,0.5466095355178919,0.5466095355178919,0.5466095355178919,0.09936101709394599,0.09936101709394599,0.09936101709394599,0.09936101709394599,0.09936101709394599,0.25466843029421593,0.25466843029421593,0.25466843029421593,0.25466843029421593,0.25466843029421593,0.7701472369408089
3.6,0.35405152482958735,0.35405152482958735,0.35405152482958735,0.35405152482958735,0.35405152482958735,0.54657828797487,0.54657828797487,0.54657828797487,0.54657828797487,0.54657828797487,0.09937018719554261,0.09937018719554261,0.09937018719554261,0.09937018719554261,0.09937018719554261,0.25468133763404455,0.25468133763404455,0.25468133763404455,0.25468133763404455,0.25468133763404455,0.7702576241479352
3.7,0.3540714033556289,0.3540714033556289,0.3540714033556289,0.3540714033556289,0.3540714033556289,0.5465505029010431,0.5465505029010431,0.5465505029010431,0.5465505029010431,0.5465505029010431,0.09937809374332787,0.09937809374332787,0.09937809374332787,0.09937809374332787,0.09937809374332787,0.25469330961230086,0.25469330961230086,0.25469330961230086,0.25469330961230086,0.25469330961230086,0.7703570167781431
3.8,0.3540892460305933,0.3540892460305933,0.3540892460305933,0.3540892460305933,0.3540892460305933,0.5465258231494015,0.5465258231494015,0.5465258231494015,0.5465258231494015,0.5465258231494015,0.09938493082000524,0.09938493082000524,0.09938493082000524,0.09938493082000524,0.09938493082000524,0.2547043152105878,0.2547043152105878,0.2547043152105878,0.2547043152105878,0.2547043152105878,0.7704462301529648
3.9,0.3541052196054412,0.3541052196054412,0.3541052196054412,0.3541052196054412,0.3541052196054412,0.5465039217278309,0.5465039217278309,0.5465039217278309,0.5465039217278309,0.5465039217278309,0.09939085866672787,0.09939085866672787,0.09939085866672787,0.09939085866672787,0.09939085866672787,0.25471436093871314,0.25471436093871314,0.25471436093871314,0.25471436093871314,0.25471436093871314,0.7705260980272045
4.0,0.35411948899276097,0.35411948899276097,0.35411948899276097,0.35411948899276097,0.35411948899276097,0.5464845008576362,0.5464845008576362,0.5464845008576362,0.5464845008576362,0.5464845008576362,0.09939601014960289,0.09939601014960289,0.09939601014960289,0.09939601014960289,0.09939601014960289,0.2547234788431578,0.2547234788431578,0.2547234788431578,0.2547234788431578,0.2547234788431578,0.7705974449638032
4.1,0.35413221279166557,0.35413221279166557,0.35413221279166557,0.35413221279166557,0.35413221279166557,0.5464672909908422,0.5464672909908422,0.5464672909908422,0.5464672909908422,0.5464672909908422,0.09940049621749218,0.09940049621749218,0.09940049621749218,0.09940049621749218,0.09940049621749218,0.25473171657417315,0.25473171657417315,0.25473171657417315,0.25473171657417315,0.25473171657417315,0.7706610639583263
4.2,0.3541435412983554,0.3541435412983554,0.3541435412983554,0.3541435412983554,0.3541435412983554,0.5464520488999198,0.5464520488999198,0.5464520488999198,0.5464520488999198,0.5464520488999198,0.09940440980172477,0.09940440980172477,0.09940440980172477,0.09940440980172477,0.09940440980172477,0.2547391314966304,0.2547391314966304,0.2547391314966304,0.2547391314966304,0.2547391314966304,0.7707177064917755
4.3,0.35415361438595205,0.35415361438595205,0.35415361438595205,0.35415361438595205,0.35415361438595205,0.5464385560631629,0.5464385560631629,0.5464385560631629,0.5464385560631629,0.5464385560631629,0.09940782955088505,0.09940782955088505,0.09940782955088505,0.09940782955088505,0.09940782955088505,0.2547457848350668,0.2547457848350668,0.2547457848350668,0.2547457848350668,0.2547457848350668,0.7707680719297588
4.4,0.35416256169135607,0.35416256169135607,0.35416256169135607,0.35416256169135607,0.35416256169135607,0.5464266166073944,0.5464266166073944,0.5464266166073944,0.5464266166073944,0.5464266166073944,0.09941082170124953,0.09941082170124953,0.09941082170124953,0.09941082170124953,0.09941082170124953,0.2547517399901063,0.2547517399901063,0.2547517399901063,0.2547517399901063,0.2547517399901063,0.7708128084567788
4.5,0.35417050159394653,0.35417050159394653,0.35417050159394653,0.35417050159394653,0.35417050159394653,0.5464160552946334,0.5464160552946334,0.5464160552946334,0.5464160552946334,0.5464160552946334,0.09941344311142009,0.09941344311142009,0.09941344311142009,0.09941344311142009,0.09941344311142009,0.25475705848252617,0.25475705848252617,0.25475705848252617,0.25475705848252617,0.25475705848252617,0.770852507969731
4.6,0.3541775420928853,0.3541775420928853,0.3541775420928853,0.3541775420928853,0.3541775420928853,0.5464067159267518,0.5464067159267518,0.5464067159267518,0.5464067159267518,0.5464067159267518,0.09941574198036292,0.09941574198036292,0.09941574198036292,0.09941574198036292,0.09941574198036292,0.25476180011252214,0.25476180011252214,0.25476180011252214,0.25476180011252214,0.25476180011252214,0.7708877104644251
4.7,0.35418378101512227,0.35418378101512227,0.35418378101512227,0.35418378101512227,0.35418378101512227,0.5463984591623503,0.5463984591623503,0.5463984591623503,0.5463984591623503,0.5463984591623503,0.09941775982252749,0.09941775982252749,0.09941775982252749,0.09941775982252749,0.09941775982252749,0.2547660211925945,0.2547660211925945,0.2547660211925945,0.2547660211925945,0.2547660211925945,0.77091890507561
4.8,0.35418930643871216,0.35418930643871216,0.35418930643871216,0.35418930643871216,0.35418930643871216,0.5463911610004437,0.5463911610004437,0.5463911610004437,0.5463911610004437,0.5463911610004437,0.09941953256084417,0.09941953256084417,0.09941953256084417,0.09941953256084417,0.09941953256084417,0.25476977387786764,0.25476977387786764,0.25476977387786764,0.25476977387786764,0.25476977387786764,0.7709465321935594
4.9,0.3541941976304498,0.3541941976304498,0.3541941976304498,0.3541941976304498,0.3541941976304498,0.5463847115366947,0.5463847115366947,0.5463847115366947,0.5463847115366947,0.5463847115366947,0.09942109083285555,0.09942109083285555,0.09942109083285555,0.09942109083285555,0.09942109083285555,0.25477310679759396,0.25477310679759396,0.25477310679759396,0.25477310679759396,0.25477310679759396,0.7709709881522476
5.0,0.3541985256860179,0.3541985256860179,0.3541985256860179,0.3541985256860179,0.3541985256860179,0.5463790128771977,0.5463790128771977,0.5463790128771977,0.5463790128771977,0.5463790128771977,0.09942246143678449,0.09942246143678449,0.09942246143678449,0.09942246143678449,0.09942246143678449,0.2547760642492331,0.2547760642492331,0.2547760642492331,0.2547760642492331,0.2547760642492331,0.770992628430088
5.1,0.35420235410559525,0.35420235410559525,0.35420235410559525,0.35420235410559525,0.35420235410559525,0.5463739781706813,0.5463739781706813,0.5463739781706813,0.5463739781706813,0.5463739781706813,0.09942366772372346,0.09942366772372346,0.09942366772372346,0.09942366772372346,0.09942366772372346,0.2547786863818715,0.2547786863818715,0.2547786863818715,0.2547786863818715,0.2547786863818715,0.7710117705279749
5.2,0.35420573949168055,0.35420573949168055,0.35420573949168055,0.35420573949168055,0.35420573949168055,0.5463695308047363,0.5463695308047363,0.5463695308047363,0.5463695308047363,0.5463695308047363,0.09942472970358326,0.09942472970358326,0.09942472970358326,0.09942472970358326,0.09942472970358326,0.25478100978809703,0.25478100978809703,0.25478100978809703,0.25478100978809703,0.25478100978809703,0.7710286974584015
5.3,0.3542087323986082,0.3542087323986082,0.3542087323986082,0.3542087323986082,0.3542087323986082,0.5463656026148395,0.5463656026148395,0.5463656026148395,0.5463656026148395,0.5463656026148395,0.09942566498655249,0.09942566498655249,0.09942566498655249,0.09942566498655249,0.09942566498655249,0.2547830674120554,0.2547830674120554,0.2547830674120554,0.2547830674120554,0.2547830674120554,0.7710436619930393
5.4,0.3542113778227253,0.3542113778227253,0.3542113778227253,0.3542113778227253,0.3542113778227253,0.5463621330986547,0.5463621330986547,0.5463621330986547,0.5463621330986547,0.5463621330986547,0.09942648907862,0.09942648907862,0.09942648907862,0.09942648907862,0.09942648907862,0.2547848887441051,0.2547848887441051,0.2547848887441051,0.2547848887441051,0.2547848887441051,0.7710568891136254
5.5,0.3542137156242433,0.3542137156242433,0.3542137156242433,0.3542137156242433,0.3542137156242433,0.5463590690287536,0.5463590690287536,0.5463590690287536,0.5463590690287536,0.5463590690287536,0.09942721534700312,0.09942721534700312,0.09942721534700312,0.09942721534700312,0.09942721534700312,0.2547865002772399,0.2547865002772399,0.2547865002772399,0.2547865002772399,0.2547865002772399,0.7710685781212152
5.6,0.354215781165485,0.354215781165485,0.354215781165485,0.354215781165485,0.354215781165485,0.5463563633572669,0.5463563633572669,0.5463563633572669,0.5463563633572669,0.5463563633572669,0.09942785547724817,0.09942785547724817,0.09942785547724817,0.09942785547724817,0.09942785547724817,0.2547879256882366,0.2547879256882366,0.2547879256882366,0.2547879256882366,0.2547879256882366,0.7710789058274237
5.7,0.35421760600535473,0.35421760600535473,0.35421760600535473,0.35421760600535473,0.35421760600535473,0.5463539741303073,0.5463539741303073,0.5463539741303073,0.5463539741303073,0.5463539741303073,0.09942841986433808,0.09942841986433808,0.09942841986433808,0.09942841986433808,0.09942841986433808,0.2547891861410164,0.2547891861410164,0.2547891861410164,0.2547891861410164,0.2547891861410164,0.771088030026772
5.8,0.35421921808346657,0.35421921808346657,0.35421921808346657,0.35421921808346657,0.35421921808346657,0.5463518642944448,0.5463518642944448,0.5463518642944448,0.5463518642944448,0.5463518642944448,0.09942891762208866,0.09942891762208866,0.09942891762208866,0.09942891762208866,0.09942891762208866,0.2547903004613777,0.2547903004613777,0.2547903004613777,0.2547903004613777,0.2547903004613777,0.7710960904173311
5.9,0.3542206419290628,0.3542206419290628,0.3542206419290628,0.3542206419290628,0.3542206419290628,0.5463500014716232,0.5463500014716232,0.5463500014716232,0.5463500014716232,0.5463500014716232,0.09942935659931411,0.09942935659931411,0.09942935659931411,0.09942935659931411,0.09942935659931411,0.25479128532974843,0.25479128532974843,0.25479128532974843,0.25479128532974843,0.25479128532974843,0.7711032096453122
6.0,0.3542218993827205,0.3542218993827205,0.3542218993827205,0.3542218993827205,0.3542218993827205,0.5463483568535112,0.5463483568535112,0.5463483568535112,0.5463483568535112,0.5463483568535112,0.09942974376376836,0.09942974376376836,0.09942974376376836,0.09942974376376836,0.09942974376376836,0.2547921556189519,0.2547921556189519,0.2547921556189519,0.2547921556189519,0.2547921556189519,0.7711094969136008
6.1,0.35422300990903954,0.35422300990903954,0.35422300990903954,0.35422300990903954,0.35422300990903954,0.5463469047704141,0.5463469047704141,0.5463469047704141,0.5463469047704141,0.5463469047704141,0.0994300853205464,0.0994300853205464,0.0994300853205464,0.0994300853205464,0.0994300853205464,0.25479292458849284,0.25479292458849284,0.25479292458849284,0.25479292458849284,0.25479292458849284,0.771115049545196
6.2,0.3542239906925756,0.3542239906925756,0.3542239906925756,0.3542239906925756,0.3542239906925756,0.5463456225964385,0.5463456225964385,0.5463456225964385,0.5463456225964385,0.5463456225964385,0.09943038671098602,0.09943038671098602,0.09943038671098602,0.09943038671098602,0.09943038671098602,0.2547936039815893,0.2547936039815893,0.2547936039815893,0.2547936039815893,0.2547936039815893,0.7711199534628764
6.3,0.3542248567078736,0.3542248567078736,0.3542248567078736,0.3542248567078736,0.3542248567078736,0.5463444906743997,0.5463444906743997,0.5463444906743997,0.5463444906743997,0.5463444906743997,0.0994306526177268,0.0994306526177268,0.0994306526177268,0.0994306526177268,0.0994306526177268,0.2547942040901466,0.2547942040901466,0.2547942040901466,0.2547942040901466,0.2547942040901466,0.7711242835393666
6.4,0.35422562130530516,0.35422562130530516,0.35422562130530516,0.35422562130530516,0.35422562130530516,0.5463434914809124,0.5463434914809124,0.5463434914809124,0.5463434914809124,0.5463434914809124,0.09943088721378245,0.09943088721378245,0.09943088721378245,0.09943088721378245,0.09943088721378245,0.2547947340915224,0.2547947340915224,0.2547947340915224,0.2547947340915224,0.2547947340915224,0.7711281065265243
6.5,0.3542262964161874,0.3542262964161874,0.3542262964161874,0.3542262964161874,0.3542262964161874,0.5463426093537069,0.5463426093537069,0.5463426093537069,0.5463426093537069,0.5463426093537069,0.09943109423010574,0.09943109423010574,0.09943109423010574,0.09943109423010574,0.09943109423010574,0.2547952021860814,0.2547952021860814,0.2547952021860814,0.2547952021860814,0.2547952021860814,0.7711314820809356
6.6,0.3542268925841916,0.3542268925841916,0.3542268925841916,0.3542268925841916,0.3542268925841916,0.5463418304578422,0.5463418304578422,0.5463418304578422,0.5463418304578422,0.5463418304578422,0.09943127695796625,0.09943127695796625,0.09943127695796625,0.09943127695796625,0.09943127695796625,0.25479561562622505,0.25479561562622505,0.25479561562622505,0.25479561562622505,0.25479561562622505,0.7711344629209566
6.7,0.3542274189596318,0.3542274189596318,0.3542274189596318,0.3542274189596318,0.3542274189596318,0.5463411428140481,0.5463411428140481,0.5463411428140481,0.5463411428140481,0.5463411428140481,0.09943143822632014,0.09943143822632014,0.09943143822632014,0.09943143822632014,0.09943143822632014,0.25479598073331133,0.25479598073331133,0.25479598073331133,0.25479598073331133,0.25479598073331133,0.7711370947981576
6.8,0.3542278836040726,0.3542278836040726,0.3542278836040726,0.3542278836040726,0.3542278836040726,0.5463405358705752,0.5463405358705752,0.5463405358705752,0.5463405358705752,0.5463405358705752,0.0994315805253523,0.0994315805253523,0.0994315805253523,0.0994315805253523,0.0994315805253523,0.25479630307872,0.25479630307872,0.25479630307872,0.25479630307872,0.25479630307872,0.7711394180203616
6.9,0.3542282937744708,0.3542282937744708,0.3542282937744708,0.3542282937744708,0.3542282937744708,0.5463400001271154,0.5463400001271154,0.5463400001271154,0.5463400001271154,0.5463400001271154,0.09943170609841392,0.09943170609841392,0.09943170609841392,0.09943170609841392,0.09943170609841392,0.25479658767605656,0.25479658767605656,0.25479658767605656,0.25479658767605656,0.25479658767605656,0.7711414688723522
7.0,0.3542286559284011,0.3542286559284011,0.3542286559284011,0.3542286559284011,0.3542286559284011,0.5463395271282286,0.5463395271282286,0.5463395271282286,0.5463395271282286,0.5463395271282286,0.09943181694337035,0.09943181694337035,0.09943181694337035,0.09943181694337035,0.09943181694337035,0.2547968389850304,0.2547968389850304,0.2547968389850304,0.2547968389850304,0.2547968389850304,0.7711432796420035
7.1,0.35422897574050466,0.35422897574050466,0.35422897574050466,0.35422897574050466,0.35422897574050466,0.5463391094494137,0.5463391094494137,0.5463391094494137,0.5463391094494137,0.5463391094494137,0.09943191481008166,0.09943191481008166,0.09943191481008166,0.09943191481008166,0.09943191481008166,0.25479706093042265,0.25479706093042265,0.25479706093042265,0.25479706093042265,0.25479706093042265,0.7711448787025216
7.2,0.3542292580620633,0.3542292580620633,0.3542292580620633,0.3542292580620633,0.3542292580620633,0.5463387407510684,0.5463387407510684,0.5463387407510684,0.5463387407510684,0.5463387407510684,0.09943200118686837,0.09943200118686837,0.09943200118686837,0.09943200118686837,0.09943200118686837,0.25479725687519456,0.25479725687519456,0.25479725687519456,0.25479725687519456,0.25479725687519456,0.7711462903103145
7.3,0.35422950722939456,0.35422950722939456,0.35422950722939456,0.35422950722939456,0.35422950722939456,0.5463384153652482,0.5463384153652482,0.5463384153652482,0.5463384153652482,0.5463384153652482,0.09943207740535732,0.09943207740535732,0.09943207740535732,0.09943207740535732,0.09943207740535732,0.2547974298240369,0.2547974298240369,0.2547974298240369,0.2547974298240369,0.2547974298240369,0.771147536146971
7.4,0.3542297271558034,0.3542297271558034,0.3542297271558034,0.3542297271558034,0.3542297271558034,0.5463381281761244,0.5463381281761244,0.5463381281761244,0.5463381281761244,0.5463381281761244,0.0994321446680723,0.0994321446680723,0.0994321446680723,0.0994321446680723,0.0994321446680723,0.2547975824877308,0.2547975824877308,0.2547975824877308,0.2547975824877308,0.2547975824877308,0.7711486357790153
7.5,0.3542299213315818,0.3542299213315818,0.3542299213315818,0.3542299213315818,0.3542299213315818,0.5463378746199842,0.5463378746199842,0.5463378746199842,0.5463378746199842,0.5463378746199842,0.09943220404843403,0.09943220404843403,0.09943220404843403,0.09943220404843403,0.09943220404843403,0.25479771728314754,0.25479771728314754,0.25479771728314754,0.25479771728314754,0.25479771728314754,0.7711496066579073
7.6,0.35423009282692103,0.35423009282692103,0.35423009282692103,0.35423009282692103,0.35423009282692103,0.5463376506838428,0.5463376506838428,0.5463376506838428,0.5463376506838428,0.5463376506838428,0.09943225648923633,0.09943225648923633,0.09943225648923633,0.09943225648923633,0.09943225648923633,0.2547978363376845,0.2547978363376845,0.2547978363376845,0.2547978363376845,0.2547978363376845,0.7711504641346033
7.7,0.3542302442310683,0.3542302442310683,0.3542302442310683,0.3542302442310683,0.3542302442310683,0.546337452986579,0.546337452986579,0.546337452986579,0.546337452986579,0.546337452986579,0.09943230278235278,0.09943230278235278,0.09943230278235278,0.09943230278235278,0.09943230278235278,0.2547979414487153,0.2547979414487153,0.2547979414487153,0.2547979414487153,0.2547979414487153,0.7711512211553397
7.8,0.35423037783787314,0.35423037783787314,0.35423037783787314,0.35423037783787314,0.35423037783787314,0.5463372785321025,0.5463372785321025,0.5463372785321025,0.5463372785321025,0.5463372785321025,0.09943234363002454,0.09943234363002454,0.09943234363002454,0.09943234363002454,0.09943234363002454,0.2547980342078484,0.2547980342078484,0.2547980342078484,0.2547980342078484,0.2547980342078484,0.771151889189364
7.9,0.35423049573406845,0.35423049573406845,0.35423049573406845,0.35423049573406845,0.35423049573406845,0.5463371245945423,0.5463371245945423,0.5463371245945423,0.5463371245945423,0.5463371245945423,0.09943237967138932,0.09943237967138932,0.09943237967138932,0.09943237967138932,0.09943237967138932,0.25479811606267894,0.25479811606267894,0.25479811606267894,0.25479811606267894,0.25479811606267894,0.7711524786703406
8.0,0.35423059979927524,0.35423059979927524,0.35423059979927524,0.35423059979927524,0.35423059979927524,0.5463369887182422,0.5463369887182422,0.5463369887182422,0.5463369887182422,0.5463369887182422,0.09943241148248265,0.09943241148248265,0.09943241148248265,0.09943241148248265,0.09943241148248265,0.25479818831679235,0.25479818831679235,0.25479818831679235,0.25479818831679235,0.25479818831679235,0.7711529989963747
8.1,0.35423069170694793,0.35423069170694793,0.35423069170694793,0.35423069170694793,0.35423069170694793,0.546336868716595,0.546336868716595,0.546336868716595,0.546336868716595,0.546336868716595,0.09943243957645714,0.09943243957645714,0.09943243957645714,0.09943243957645714,0.09943243957645714,0.25479825213049057,0.25479825213049057,0.25479825213049057,0.25479825213049057,0.25479825213049057,0.771153458534738
8.2,0.354230772898792,0.354230772898792,0.354230772898792,0.354230772898792,0.354230772898792,0.546336762706919,0.546336762706919,0.546336762706919,0.546336762706919,0.546336762706919,0.09943246439428916,0.09943246439428916,0.09943246439428916,0.09943246439428916,0.09943246439428916,0.25479830850450264,0.25479830850450264,0.25479830850450264,0.25479830850450264,0.25479830850450264,0.7711538644939585
8.3,0.3542308445680059,0.3542308445680059,0.3542308445680059,0.3542308445680059,0.3542308445680059,0.5463366691314576,0.5463366691314576,0.5463366691314576,0.5463366691314576,0.5463366691314576,0.09943248630053658,0.09943248630053658,0.09943248630053658,0.09943248630053658,0.09943248630053658,0.2547983582674691,0.2547983582674691,0.2547983582674691,0.2547983582674691,0.2547983582674691,0.7711542228400282
8.4,0.35423090779616057,0.35423090779616057,0.35423090779616057,0.35423090779616057,0.35423090779616057,0.5463365865779307,0.5463365865779307,0.5463365865779307,0.5463365865779307,0.5463365865779307,0.09943250562590879,0.09943250562590879,0.09943250562590879,0.09943250562590879,0.09943250562590879,0.25479840217025157,0.25479840217025157,0.25479840217025157,0.25479840217025157,0.25479840217025157,0.7711545389808014
8.5,0.3542309635727536,0.3542309635727536,0.3542309635727536,0.3542309635727536,0.3542309635727536,0.5463365137541869,0.5463365137541869,0.5463365137541869,0.5463365137541869,0.5463365137541869,0.09943252267305967,0.09943252267305967,0.09943252267305967,0.09943252267305967,0.09943252267305967,0.25479844089969367,0.25479844089969367,0.25479844089969367,0.25479844089969367,0.25479844089969367,0.7711548178637664
8.6,0.3542310127952092,0.3542310127952092,0.3542310127952092,0.3542310127952092,0.3542310127952092,0.5463364494882031,0.5463364494882031,0.5463364494882031,0.5463364494882031,0.5463364494882031,0.09943253771658783,0.09943253771658783,0.09943253771658783,0.09943253771658783,0.09943253771658783,0.25479847507862113,0.25479847507862113,0.25479847507862113,0.25479847507862113,0.25479847507862113,0.7711550639760442
8.7,0.3542310562688783,0.3542310562688783,0.3542310562688783,0.3542310562688783,0.3542310562688783,0.5463363927280854,0.5463363927280854,0.5463363927280854,0.5463363927280854,0.5463363927280854,0.09943255100303641,0.09943255100303641,0.09943255100303641,0.09943255100303641,0.09943255100303641,0.25479850526584163,0.25479850526584163,0.25479850526584163,0.25479850526584163,0.25479850526584163,0.7711552813443897
8.8,0.3542310946971194,0.3542310946971194,0.3542310946971194,0.3542310946971194,0.3542310946971194,0.5463363425553325,0.5463363425553325,0.5463363425553325,0.5463363425553325,0.5463363425553325,0.09943256274754823,0.09943256274754823,0.09943256274754823,0.09943256274754823,0.09943256274754823,0.2547985319495709,0.2547985319495709,0.2547985319495709,0.2547985319495709,0.2547985319495709,0.7711554734855952
8.9,0.3542311286382366,0.3542311286382366,0.3542311286382366,0.3542311286382366,0.3542311286382366,0.5463362982411875,0.5463362982411875,0.5463362982411875,0.5463362982411875,0.5463362982411875,0.09943257312057609,0.09943257312057609,0.09943257312057609,0.09943257312057609,0.09943257312057609,0.2547985555176603,0.2547985555176603,0.2547985555176603,0.2547985555176603,0.2547985555176603,0.7711556431911812
9.0,0.35423115858299675,0.35423115858299675,0.35423115858299675,0.35423115858299675,0.35423115858299675,0.5463362591449102,0.5463362591449102,0.5463362591449102,0.5463362591449102,0.5463362591449102,0.09943258227209315,0.09943258227209315,0.09943258227209315,0.09943258227209315,0.09943258227209315,0.2547985763109034,0.2547985763109034,0.2547985763109034,0.2547985763109034,0.2547985763109034,0.7711557929149819
9.1,0.3542311849862136,0.3542311849862136,0.3542311849862136,0.3542311849862136,0.3542311849862136,0.5463362246726756,0.5463362246726756,0.5463362246726756,0.5463362246726756,0.5463362246726756,0.09943259034111088,0.09943259034111088,0.09943259034111088,0.09943259034111088,0.09943259034111088,0.2547985946451025,0.2547985946451025,0.2547985946451025,0.2547985946451025,0.2547985946451025,0.7711559249310662
9.2,0.35423120826675125,0.35423120826675125,0.35423120826675125,0.35423120826675125,0.35423120826675125,0.5463361942775689,0.5463361942775689,0.5463361942775689,0.5463361942775689,0.5463361942775689,0.09943259745568006,0.09943259745568006,0.09943259745568006,0.09943259745568006,0.09943259745568006,0.254798610811071,0.254798610811071,0.254798610811071,0.254798610811071,0.254798610811071,0.7711560413337547
9.3,0.35423122880752433,0.35423122880752433,0.35423122880752433,0.35423122880752433,0.35423122880752433,0.5463361674595851,0.5463361674595851,0.5463361674595851,0.5463361674595851,0.5463361674595851,0.09943260373289073,0.09943260373289073,0.09943260373289073,0.09943260373289073,0.09943260373289073,0.25479862507463347,0.25479862507463347,0.25479862507463347,0.25479862507463347,0.25479862507463347,0.7711561440376202
9.4,0.3542312469554978,0.3542312469554978,0.3542312469554978,0.3542312469554978,0.3542312469554978,0.5463361437656302,0.5463361437656302,0.5463361437656302,0.5463361437656302,0.5463361437656302,0.09943260927887217,0.09943260927887217,0.09943260927887217,0.09943260927887217,0.09943260927887217,0.25479863767662553,0.25479863767662553,0.25479863767662553,0.25479863767662553,0.25479863767662553,0.7711562347774876
9.5,0.3542312630144186,0.3542312630144186,0.3542312630144186,0.3542312630144186,0.3542312630144186,0.5463361227990798,0.5463361227990798,0.5463361227990798,0.5463361227990798,0.5463361227990798,0.09943261418650173,0.09943261418650173,0.09943261418650173,0.09943261418650173,0.09943261418650173,0.2547986488279167,0.2547986488279167,0.2547986488279167,0.2547986488279167,0.2547986488279167,0.7711563150720916
9.6,0.35423127721125464,0.35423127721125464,0.35423127721125464,0.35423127721125464,0.35423127721125464,0.5463361042636782,0.5463361042636782,0.5463361042636782,0.5463361042636782,0.5463361042636782,0.09943261852506739,0.09943261852506739,0.09943261852506739,0.09943261852506739,0.09943261852506739,0.25479865868618706,0.25479865868618706,0.25479865868618706,0.25479865868618706,0.25479865868618706,0.7711563860562719
9.7,0.3542312897394447,0.3542312897394447,0.3542312897394447,0.3542312897394447,0.3542312897394447,0.5463360879068843,0.5463360879068843,0.5463360879068843,0.5463360879068843,0.5463360879068843,0.09943262235367123,0.09943262235367123,0.09943262235367123,0.09943262235367123,0.09943262235367123,0.2547986673857733,0.2547986673857733,0.2547986673857733,0.2547986673857733,0.2547986673857733,0.7711564486972223
9.8,0.3542313007808195,0.3542313007808195,0.3542313007808195,0.3542313007808195,0.3542313007808195,0.5463360734913046,0.5463360734913046,0.5463360734913046,0.5463360734913046,0.5463360734913046,0.09943262572787608,0.09943262572787608,0.09943262572787608,0.09943262572787608,0.09943262572787608,0.25479867505294324,0.25479867505294324,0.25479867505294324,0.25479867505294324,0.25479867505294324,0.7711565039040963
9.9,0.3542313105056547,0.3542313105056547,0.3542313105056547,0.3542313105056547,0.3542313105056547,0.5463360607946254,0.5463360607946254,0.5463360607946254,0.5463360607946254,0.5463360607946254,0.09943262869972005,0.09943262869972005,0.09943262869972005,0.09943262869972005,0.09943262869972005,0.2547986818059345,0.2547986818059345,0.2547986818059345,0.2547986818059345,0.2547986818059345,0.7711565525282723
10.0,0.35423131907267114,0.35423131907267114,0.35423131907267114,0.35423131907267114,0.35423131907267114,0.5463360496096125,0.5463360496096125,0.5463360496096125,0.5463360496096125,0.5463360496096125,0.09943263131771658,0.09943263131771658,0.09943263131771658,0.09943263131771658,0.09943263131771658,0.2547986877549544,0.2547986877549544,0.2547986877549544,0.2547986877549544,0.2547986877549544,0.7711565953633542
10.1,0.35423132662903445,0.35423132662903445,0.35423132662903445,0.35423132662903445,0.35423132662903445,0.5463360397441114,0.5463360397441114,0.5463360397441114,0.5463360397441114,0.5463360397441114,0.09943263362685438,0.09943263362685438,0.09943263362685438,0.09943263362685438,0.09943263362685438,0.2547986930021799,0.2547986930021799,0.2547986930021799,0.2547986930021799,0.2547986930021799,0.7711566331451705
10.2,0.35423133331035533,0.35423133331035533,0.35423133331035533,0.35423133331035533,0.35423133331035533,0.5463360310210473,0.5463360310210473,0.5463360310210473,0.5463360310210473,0.5463360310210473,0.09943263566859745,0.09943263566859745,0.09943263566859745,0.09943263566859745,0.09943263566859745,0.2547986976417577,0.2547986976417577,0.2547986976417577,0.2547986976417577,0.2547986976417577,0.7711566665517748
10.3,0.3542313392360789,0.3542313392360789,0.3542313392360789,0.3542313392360789,0.3542313392360789,0.546336023284459,0.546336023284459,0.546336023284459,0.546336023284459,0.546336023284459,0.09943263747946232,0.09943263747946232,0.09943263747946232,0.09943263747946232,0.09943263747946232,0.25479870175661645,0.25479870175661645,0.25479870175661645,0.25479870175661645,0.25479870175661645,0.7711566961803928
10.4,0.3542313444852119,0.3542313444852119,0.3542313444852119,0.3542313444852119,0.3542313444852119,0.5463360164312195,0.5463360164312195,0.5463360164312195,0.5463360164312195,0.5463360164312195,0.09943263908356882,0.09943263908356882,0.09943263908356882,0.09943263908356882,0.09943263908356882,0.2547987054016429,0.2547987054016429,0.2547987054016429,0.2547987054016429,0.2547987054016429,0.7711567224260576
10.5,0.3542313491216973,0.3542313491216973,0.3542313491216973,0.3542313491216973,0.3542313491216973,0.5463360103778514,0.5463360103778514,0.5463360103778514,0.5463360103778514,0.5463360103778514,0.09943264050045147,0.09943264050045147,0.09943264050045147,0.09943264050045147,0.09943264050045147,0.25479870862124565,0.25479870862124565,0.25479870862124565,0.25479870862124565,0.25479870862124565,0.7711567456084847
10.6,0.3542313532070216,0.3542313532070216,0.3542313532070216,0.3542313532070216,0.3542313532070216,0.5463360050440812,0.5463360050440812,0.5463360050440812,0.5463360050440812,0.5463360050440812,0.09943264174889739,0.09943264174889739,0.09943264174889739,0.09943264174889739,0.09943264174889739,0.2547987114581241,0.2547987114581241,0.2547987114581241,0.2547987114581241,0.2547987114581241,0.7711567660351064
10.7,0.3542313568001112,0.3542313568001112,0.3542313568001112,0.3542313568001112,0.3542313568001112,0.5463360003529761,0.5463360003529761,0.5463360003529761,0.5463360003529761,0.5463360003529761,0.09943264284691287,0.09943264284691287,0.09943264284691287,0.09943264284691287,0.09943264284691287,0.2547987139531982,0.2547987139531982,0.2547987139531982,0.2547987139531982,0.2547987139531982,0.7711567840005543
10.8,0.3542313599573321,0.3542313599573321,0.3542313599573321,0.3542313599573321,0.3542313599573321,0.5463359962309446,0.5463359962309446,0.5463359962309446,0.5463359962309446,0.5463359962309446,0.09943264381172343,0.09943264381172343,0.09943264381172343,0.09943264381172343,0.09943264381172343,0.25479871614560856,0.25479871614560856,0.25479871614560856,0.25479871614560856,0.25479871614560856,0.771156799786659
10.9,0.3542313627324903,0.3542313627324903,0.3542313627324903,0.3542313627324903,0.3542313627324903,0.5463359926077361,0.5463359926077361,0.5463359926077361,0.5463359926077361,0.5463359926077361,0.09943264465977376,0.09943264465977376,0.09943264465977376,0.09943264465977376,0.09943264465977376,0.25479871807271637,0.25479871807271637,0.25479871807271637,0.25479871807271637,0.25479871807271637,0.7711568136624496
11.0,0.35423136517683124,0.35423136517683124,0.35423136517683124,0.35423136517683124,0.35423136517683124,0.5463359894164411,0.5463359894164411,0.5463359894164411,0.5463359894164411,0.5463359894164411,0.0994326454067278,0.0994326454067278,0.0994326454067278,0.0994326454067278,0.0994326454067278,0.25479871977010327,0.25479871977010327,0.25479871977010327,0.25479871977010327,0.25479871977010327,0.7711568258841544
11.1,0.35423136733904054,0.35423136733904054,0.35423136733904054,0.35423136733904054,0.35423136733904054,0.5463359865934909,0.5463359865934909,0.5463359865934909,0.5463359865934909,0.5463359865934909,0.09943264606746868,0.09943264606746868,0.09943264606746868,0.09943264606746868,0.09943264606746868,0.25479872127157166,0.25479872127157166,0.25479872127157166,0.25479872127157166,0.25479872127157166,0.7711568366952006
11.2,0.35423136926463966,0.35423136926463966,0.35423136926463966,0.35423136926463966,0.35423136926463966,0.546335984079447,0.546335984079447,0.546335984079447,0.546335984079447,0.546335984079447,0.09943264665591363,0.09943264665591363,0.09943264665591363,0.09943264665591363,0.09943264665591363,0.2547987226087259,0.2547987226087259,0.2547987226087259,0.2547987226087259,0.2547987226087259,0.7711568463231963
11.3,0.35423137098080165,0.35423137098080165,0.35423137098080165,0.35423137098080165,0.35423137098080165,0.546335981838837,0.546335981838837,0.546335981838837,0.546335981838837,0.546335981838837,0.09943264718036159,0.09943264718036159,0.09943264718036159,0.09943264718036159,0.09943264718036159,0.2547987238004399,0.2547987238004399,0.2547987238004399,0.2547987238004399,0.2547987238004399,0.7711568549040062
11.4,0.354231372502748,0.354231372502748,0.354231372502748,0.354231372502748,0.354231372502748,0.5463359798517926,0.5463359798517926,0.5463359798517926,0.5463359798517926,0.5463359798517926,0.09943264764545956,0.09943264764545956,0.09943264764545956,0.09943264764545956,0.09943264764545956,0.25479872485728833,0.25479872485728833,0.25479872485728833,0.25479872485728833,0.25479872485728833,0.771156862513738
11.5,0.35423137384648373,0.35423137384648373,0.35423137384648373,0.35423137384648373,0.35423137384648373,0.5463359780974196,0.5463359780974196,0.5463359780974196,0.5463359780974196,0.5463359780974196,0.09943264805609685,0.09943264805609685,0.09943264805609685,0.09943264805609685,0.09943264805609685,0.25479872579038676,0.25479872579038676,0.25479872579038676,0.25479872579038676,0.25479872579038676,0.7711568692324168
11.6,0.3542313750279709,0.3542313750279709,0.3542313750279709,0.3542313750279709,0.3542313750279709,0.5463359765548791,0.5463359765548791,0.5463359765548791,0.5463359765548791,0.5463359765548791,0.09943264841715022,0.09943264841715022,0.09943264841715022,0.09943264841715022,0.09943264841715022,0.2547987266108206,0.2547987266108206,0.2547987266108206,0.2547987266108206,0.2547987266108206,0.7711568751398526
11.7,0.35423137606312877,0.35423137606312877,0.35423137606312877,0.35423137606312877,0.35423137606312877,0.5463359752033875,0.5463359752033875,0.5463359752033875,0.5463359752033875,0.5463359752033875,0.09943264873348388,0.09943264873348388,0.09943264873348388,0.09943264873348388,0.09943264873348388,0.25479872732964476,0.25479872732964476,0.25479872732964476,0.25479872732964476,0.25479872732964476,0.7711568803156419
11.8,0.3542313769678337,0.3542313769678337,0.3542313769678337,0.3542313769678337,0.3542313769678337,0.546335974022217,0.546335974022217,0.546335974022217,0.546335974022217,0.546335974022217,0.0994326490099495,0.0994326490099495,0.0994326490099495,0.0994326490099495,0.0994326490099495,0.25479872795788405,0.25479872795788405,0.25479872795788405,0.25479872795788405,0.25479872795788405,0.7711568848391666
11.9,0.35423137775791924,0.35423137775791924,0.35423137775791924,0.35423137775791924,0.35423137775791924,0.5463359729906948,0.5463359729906948,0.5463359729906948,0.5463359729906948,0.5463359729906948,0.09943264925138616,0.09943264925138616,0.09943264925138616,0.09943264925138616,0.09943264925138616,0.2547987285065329,0.2547987285065329,0.2547987285065329,0.2547987285065329,0.2547987285065329,0.7711568887895941
12.0,0.35423137844917607,0.35423137844917607,0.35423137844917607,0.35423137844917607,0.35423137844917607,0.5463359720882037,0.5463359720882037,0.5463359720882037,0.5463359720882037,0.5463359720882037,0.09943264946262044,0.09943264946262044,0.09943264946262044,0.09943264946262044,0.09943264946262044,0.2547987289865554,0.2547987289865554,0.2547987289865554,0.2547987289865554,0.2547987289865554,0.7711568922458781
12.1,0.354231379057352,0.354231379057352,0.354231379057352,0.354231379057352,0.354231379057352,0.5463359712941819,0.5463359712941819,0.5463359712941819,0.5463359712941819,0.5463359712941819,0.09943264964846632,0.09943264964846632,0.09943264964846632,0.09943264964846632,0.09943264964846632,0.2547987294088854,0.2547987294088854,0.2547987294088854,0.2547987294088854,0.2547987294088854,0.7711568952867578
12.2,0.3542313795981521,0.3542313795981521,0.3542313795981521,0.3542313795981521,0.3542313795981521,0.5463359705881229,0.5463359705881229,0.5463359705881229,0.5463359705881229,0.5463359705881229,0.09943264981372525,0.09943264981372525,0.09943264981372525,0.09943264981372525,0.09943264981372525,0.2547987297844265,0.2547987297844265,0.2547987297844265,0.2547987297844265,0.2547987297844265,0.7711568979907579
12.3,0.3542313800869261,0.3542313800869261,0.3542313800869261,0.3542313800869261,0.3542313800869261,0.5463359699499836,0.5463359699499836,0.5463359699499836,0.5463359699499836,0.5463359699499836,0.09943264996309058,0.09943264996309058,0.09943264996309058,0.09943264996309058,0.09943264996309058,0.2547987301238352,0.2547987301238352,0.2547987301238352,0.2547987301238352,0.2547987301238352,0.7711569004346279
12.4,0.35423138052864245,0.35423138052864245,0.35423138052864245,0.35423138052864245,0.35423138052864245,0.5463359693732779,0.5463359693732779,0.5463359693732779,0.5463359693732779,0.5463359693732779,0.09943265009807986,0.09943265009807986,0.09943265009807986,0.09943265009807986,0.09943265009807986,0.2547987304305623,0.2547987304305623,0.2547987304305623,0.2547987304305623,0.2547987304305623,0.7711569026432098
12.5,0.35423138092364037,0.35423138092364037,0.35423138092364037,0.35423138092364037,0.35423138092364037,0.5463359688575657,0.5463359688575657,0.5463359688575657,0.5463359688575657,0.5463359688575657,0.09943265021879408,0.09943265021879408,0.09943265021879408,0.09943265021879408,0.09943265021879408,0.254798730704846,0.254798730704846,0.254798730704846,0.254798730704846,0.254798730704846,0.7711569046181994
12.6,0.3542313812741831,0.3542313812741831,0.3542313812741831,0.3542313812741831,0.3542313812741831,0.5463359683998942,0.5463359683998942,0.5463359683998942,0.5463359683998942,0.5463359683998942,0.09943265032592304,0.09943265032592304,0.09943265032592304,0.09943265032592304,0.09943265032592304,0.2547987309482598,0.2547987309482598,0.2547987309482598,0.2547987309482598,0.2547987309482598,0.7711569063709128
12.7,0.35423138158282724,0.35423138158282724,0.35423138158282724,0.35423138158282724,0.35423138158282724,0.5463359679969263,0.5463359679969263,0.5463359679969263,0.5463359679969263,0.5463359679969263,0.0994326504202467,0.0994326504202467,0.0994326504202467,0.0994326504202467,0.0994326504202467,0.25479873116258034,0.25479873116258034,0.25479873116258034,0.25479873116258034,0.25479873116258034,0.7711569079141339
12.8,0.35423138185242337,0.35423138185242337,0.35423138185242337,0.35423138185242337,0.35423138185242337,0.5463359676449416,0.5463359676449416,0.5463359676449416,0.5463359676449416,0.5463359676449416,0.0994326505026352,0.0994326505026352,0.0994326505026352,0.0994326505026352,0.0994326505026352,0.2547987313497879,0.2547987313497879,0.2547987313497879,0.2547987313497879,0.2547987313497879,0.7711569092621144
12.9,0.3542313820861152,0.3542313820861152,0.3542313820861152,0.3542313820861152,0.3542313820861152,0.5463359673398362,0.5463359673398362,0.5463359673398362,0.5463359673398362,0.5463359673398362,0.09943265057404874,0.09943265057404874,0.09943265057404874,0.09943265057404874,0.09943265057404874,0.2547987315120662,0.2547987315120662,0.2547987315120662,0.2547987315120662,0.2547987315120662,0.7711569104305738
13.0,0.3542313822873403,0.3542313822873403,0.3542313822873403,0.3542313822873403,0.3542313822873403,0.5463359670771222,0.5463359670771222,0.5463359670771222,0.5463359670771222,0.5463359670771222,0.09943265063553772,0.09943265063553772,0.09943265063553772,0.09943265063553772,0.09943265063553772,0.25479873165180233,0.25479873165180233,0.25479873165180233,0.25479873165180233,0.25479873165180233,0.7711569114366992
13.1,0.35423138245982966,0.35423138245982966,0.35423138245982966,0.35423138245982966,0.35423138245982966,0.5463359668519279,0.5463359668519279,0.5463359668519279,0.5463359668519279,0.5463359668519279,0.09943265068824264,0.09943265068824264,0.09943265068824264,0.09943265068824264,0.09943265068824264,0.25479873177158674,0.25479873177158674,0.25479873177158674,0.25479873177158674,0.25479873177158674,0.771156912299146
13.2,0.3542313826076079,0.3542313826076079,0.3542313826076079,0.3542313826076079,0.3542313826076079,0.5463359666589982,0.5463359666589982,0.5463359666589982,0.5463359666589982,0.5463359666589982,0.09943265073339418,0.09943265073339418,0.09943265073339418,0.09943265073339418,0.09943265073339418,0.25479873187421337,0.25479873187421337,0.25479873187421337,0.25479873187421337,0.25479873187421337,0.7711569130380369
13.3,0.3542313827349931,0.3542313827349931,0.3542313827349931,0.3542313827349931,0.3542313827349931,0.546335966492694,0.546335966492694,0.546335966492694,0.546335966492694,0.546335966492694,0.09943265077231313,0.09943265077231313,0.09943265077231313,0.09943265077231313,0.09943265077231313,0.25479873196267955,0.25479873196267955,0.25479873196267955,0.25479873196267955,0.25479873196267955,0.7711569136749629
13.4,0.35423138284659705,0.35423138284659705,0.35423138284659705,0.35423138284659705,0.35423138284659705,0.5463359663469928,0.5463359663469928,0.5463359663469928,0.5463359663469928,0.5463359663469928,0.0994326508064104,0.0994326508064104,0.0994326508064104,0.0994326508064104,0.0994326508064104,0.2547987320401862,0.2547987320401862,0.2547987320401862,0.2547987320401862,0.2547987320401862,0.7711569142329826
13.5,0.35423138294732504,0.35423138294732504,0.35423138294732504,0.35423138294732504,0.35423138294732504,0.5463359662154881,0.5463359662154881,0.5463359662154881,0.5463359662154881,0.5463359662154881,0.09943265083718708,0.09943265083718708,0.09943265083718708,0.09943265083718708,0.09943265083718708,0.2547987321101374,0.2547987321101374,0.2547987321101374,0.2547987321101374,0.2547987321101374,0.7711569147366223
13.6,0.35423138304237584,0.35423138304237584,0.35423138304237584,0.35423138304237584,0.35423138304237584,0.54633596609139,0.54633596609139,0.54633596609139,0.54633596609139,0.54633596609139,0.09943265086623437,0.09943265086623437,0.09943265086623437,0.09943265086623437,0.09943265086623437,0.2547987321761409,0.2547987321761409,0.2547987321761409,0.2547987321761409,0.2547987321761409,0.7711569152118763
13.7,0.35423138313329205,0.35423138313329205,0.35423138313329205,0.35423138313329205,0.35423138313329205,0.5463359659726786,0.5463359659726786,0.5463359659726786,0.5463359659726786,0.5463359659726786,0.09943265089402946,0.09943265089402946,0.09943265089402946,0.09943265089402946,0.09943265089402946,0.254798732239262,0.254798732239262,0.254798732239262,0.254798732239262,0.254798732239262,0.7711569156664574
13.8,0.35423138321684183,0.35423138321684183,0.35423138321684183,0.35423138321684183,0.35423138321684183,0.5463359658635735,0.5463359658635735,0.5463359658635735,0.5463359658635735,0.5463359658635735,0.09943265091958489,0.09943265091958489,0.09943265091958489,0.09943265091958489,0.09943265091958489,0.2547987322972564,0.2547987322972564,0.2547987322972564,0.2547987322972564,0.2547987322972564,0.7711569160842062
13.9,0.3542313832926025,0.3542313832926025,0.3542313832926025,0.3542313832926025,0.3542313832926025,0.5463359657646327,0.5463359657646327,0.5463359657646327,0.5463359657646327,0.5463359657646327,0.09943265094276488,0.09943265094276488,0.09943265094276488,0.09943265094276488,0.09943265094276488,0.254798732349837,0.254798732349837,0.254798732349837,0.254798732349837,0.254798732349837,0.7711569164630097
14.0,0.354231383360327,0.354231383360327,0.354231383360327,0.354231383360327,0.354231383360327,0.5463359656761847,0.5463359656761847,0.5463359656761847,0.5463359656761847,0.5463359656761847,0.09943265096348844,0.09943265096348844,0.09943265096348844,0.09943265096348844,0.09943265096348844,0.254798732396838,0.254798732396838,0.254798732396838,0.254798732396838,0.254798732396838,0.7711569168016321
14.1,0.3542313834199306,0.3542313834199306,0.3542313834199306,0.3542313834199306,0.3542313834199306,0.5463359655983443,0.5463359655983443,0.5463359655983443,0.5463359655983443,0.5463359655983443,0.09943265098172528,0.09943265098172528,0.09943265098172528,0.09943265098172528,0.09943265098172528,0.2547987324382047,0.2547987324382047,0.2547987324382047,0.2547987324382047,0.2547987324382047,0.7711569170996502
14.2,0.3542313834714909,0.3542313834714909,0.3542313834714909,0.3542313834714909,0.3542313834714909,0.5463359655310134,0.5463359655310134,0.5463359655310134,0.5463359655310134,0.5463359655310134,0.09943265099749586,0.09943265099749586,0.09943265099749586,0.09943265099749586,0.09943265099749586,0.2547987324739945,0.2547987324739945,0.2547987324739945,0.2547987324739945,0.2547987324739945,0.7711569173574517
14.3,0.35423138351524786,0.35423138351524786,0.35423138351524786,0.35423138351524786,0.35423138351524786,0.546335965473881,0.546335965473881,0.546335965473881,0.546335965473881,0.546335965473881,0.09943265101087136,0.09943265101087136,0.09943265101087136,0.09943265101087136,0.09943265101087136,0.2547987325043759,0.2547987325043759,0.2547987325043759,0.2547987325043759,0.2547987325043759,0.7711569175762364
14.4,0.35423138355160366,0.35423138355160366,0.35423138355160366,0.35423138355160366,0.35423138355160366,0.5463359654264228,0.5463359654264228,0.5463359654264228,0.5463359654264228,0.5463359654264228,0.0994326510219737,0.0994326510219737,0.0994326510219737,0.0994326510219737,0.0994326510219737,0.25479873252962937,0.25479873252962937,0.25479873252962937,0.25479873252962937,0.25479873252962937,0.7711569177580153
14.5,0.3542313835811228,0.3542313835811228,0.3542313835811228,0.3542313835811228,0.3542313835811228,0.5463359653879019,0.5463359653879019,0.5463359653879019,0.5463359653879019,0.5463359653879019,0.0994326510309755,0.0994326510309755,0.0994326510309755,0.0994326510309755,0.0994326510309755,0.25479873255014673,0.25479873255014673,0.25479873255014673,0.25479873255014673,0.25479873255014673,0.7711569179056114
14.6,0.3542313836045323,0.3542313836045323,0.3542313836045323,0.3542313836045323,0.3542313836045323,0.5463359653573677,0.5463359653573677,0.5463359653573677,0.5463359653573677,0.5463359653573677,0.09943265103810013,0.09943265103810013,0.09943265103810013,0.09943265103810013,0.09943265103810013,0.25479873256643165,0.25479873256643165,0.25479873256643165,0.25479873256643165,0.25479873256643165,0.7711569180226587
14.7,0.35423138362272133,0.35423138362272133,0.35423138362272133,0.35423138362272133,0.35423138362272133,0.5463359653336571,0.5463359653336571,0.5463359653336571,0.5463359653336571,0.5463359653336571,0.09943265104362171,0.09943265104362171,0.09943265104362171,0.09943265104362171,0.09943265104362171,0.2547987325790991,0.2547987325790991,0.2547987325790991,0.2547987325790991,0.2547987325790991,0.7711569181136038
14.8,0.35423138363674134,0.35423138363674134,0.35423138363674134,0.35423138363674134,0.35423138363674134,0.5463359653153937,0.5463359653153937,0.5463359653153937,0.5463359653153937,0.5463359653153937,0.09943265104786504,0.09943265104786504,0.09943265104786504,0.09943265104786504,0.09943265104786504,0.2547987325888758,0.2547987325888758,0.2547987325888758,0.2547987325888758,0.2547987325888758,0.7711569181837038
14.9,0.3542313836478062,0.3542313836478062,0.3542313836478062,0.3542313836478062,0.3542313836478062,0.5463359653009883,0.5463359653009883,0.5463359653009883,0.5463359653009883,0.5463359653009883,0.09943265105120569,0.09943265105120569,0.09943265105120569,0.09943265105120569,0.09943265105120569,0.2547987325966001,0.2547987325966001,0.2547987325966001,0.2547987325966001,0.2547987325966001,0.7711569182390282
15.0,0.3542313836572921,0.3542313836572921,0.3542313836572921,0.3542313836572921,0.3542313836572921,0.5463359652886381,0.5463359652886381,0.5463359652886381,0.5463359652886381,0.5463359652886381,0.09943265105406991,0.09943265105406991,0.09943265105406991,0.09943265105406991,0.09943265105406991,0.2547987326032218,0.2547987326032218,0.2547987326032218,0.2547987326032218,0.2547987326032218,0.7711569182864577
15.1,0.35423138366673756,0.35423138366673756,0.35423138366673756,0.35423138366673756,0.35423138366673756,0.5463359652763279,0.5463359652763279,0.5463359652763279,0.5463359652763279,0.5463359652763279,0.09943265105693475,0.09943265105693475,0.09943265105693475,0.09943265105693475,0.09943265105693475,0.2547987326098024,0.2547987326098024,0.2547987326098024,0.2547987326098024,0.2547987326098024,0.7711569183336849
15.2,0.35423138367784335,0.35423138367784335,0.35423138367784335,0.35423138367784335,0.35423138367784335,0.5463359652618289,0.5463359652618289,0.5463359652618289,0.5463359652618289,0.5463359652618289,0.09943265106032792,0.09943265106032792,0.09943265106032792,0.09943265106032792,0.09943265106032792,0.25479873261751507,0.25479873261751507,0.25479873261751507,0.25479873261751507,0.25479873261751507,0.7711569183892137
15.3,0.35423138369187906,0.35423138369187906,0.35423138369187906,0.35423138369187906,0.35423138369187906,0.5463359652434396,0.5463359652434396,0.5463359652434396,0.5463359652434396,0.5463359652434396,0.0994326510646815,0.0994326510646815,0.0994326510646815,0.0994326510646815,0.0994326510646815,0.2547987326271972,0.2547987326271972,0.2547987326271972,0.2547987326271972,0.2547987326271972,0.7711569184593925
15.4,0.3542313837062006,0.3542313837062006,0.3542313837062006,0.3542313837062006,0.3542313837062006,0.5463359652244255,0.5463359652244255,0.5463359652244255,0.5463359652244255,0.5463359652244255,0.0994326510693741,0.0994326510693741,0.0994326510693741,0.0994326510693741,0.0994326510693741,0.2547987326368261,0.2547987326368261,0.2547987326368261,0.2547987326368261,0.2547987326368261,0.7711569185310001
15.5,0.3542313837199468,0.3542313837199468,0.3542313837199468,0.3542313837199468,0.3542313837199468,0.5463359652059739,0.5463359652059739,0.5463359652059739,0.5463359652059739,0.5463359652059739,0.09943265107407942,0.09943265107407942,0.09943265107407942,0.09943265107407942,0.09943265107407942,0.254798732645867,0.254798732645867,0.254798732645867,0.254798732645867,0.254798732645867,0.7711569185997312
15.6,0.35423138373286106,0.35423138373286106,0.35423138373286106,0.35423138373286106,0.35423138373286106,0.5463359651885153,0.5463359651885153,0.5463359651885153,0.5463359651885153,0.5463359651885153,0.09943265107862377,0.09943265107862377,0.09943265107862377,0.09943265107862377,0.09943265107862377,0.2547987326542369,0.2547987326542369,0.2547987326542369,0.2547987326542369,0.2547987326542369,0.7711569186643025
15.7,0.35423138374472873,0.35423138374472873,0.35423138374472873,0.35423138374472873,0.35423138374472873,0.5463359651724121,0.5463359651724121,0.5463359651724121,0.5463359651724121,0.5463359651724121,0.0994326510828593,0.0994326510828593,0.0994326510828593,0.0994326510828593,0.0994326510828593,0.2547987326618691,0.2547987326618691,0.2547987326618691,0.2547987326618691,0.2547987326618691,0.771156918723641
15.8,0.35423138375537727,0.35423138375537727,0.35423138375537727,0.35423138375537727,0.35423138375537727,0.5463359651579588,0.5463359651579588,0.5463359651579588,0.5463359651579588,0.5463359651579588,0.09943265108666408,0.09943265108666408,0.09943265108666408,0.09943265108666408,0.09943265108666408,0.2547987326687129,0.2547987326687129,0.2547987326687129,0.2547987326687129,0.2547987326687129,0.7711569187768839
15.9,0.3542313837646761,0.3542313837646761,0.3542313837646761,0.3542313837646761,0.3542313837646761,0.5463359651453821,0.5463359651453821,0.5463359651453821,0.5463359651453821,0.5463359651453821,0.09943265108994195,0.09943265108994195,0.09943265108994195,0.09943265108994195,0.09943265108994195,0.25479873267473385,0.25479873267473385,0.25479873267473385,0.25479873267473385,0.25479873267473385,0.7711569188233781
16.0,0.3542313837725367,0.3542313837725367,0.3542313837725367,0.3542313837725367,0.3542313837725367,0.5463359651348407,0.5463359651348407,0.5463359651348407,0.5463359651348407,0.5463359651348407,0.09943265109262271,0.09943265109262271,0.09943265109262271,0.09943265109262271,0.09943265109262271,0.2547987326799137,0.2547987326799137,0.2547987326799137,0.2547987326799137,0.2547987326799137,0.7711569188626812
16.1,0.35423138377891256,0.35423138377891256,0.35423138377891256,0.35423138377891256,0.35423138377891256,0.5463359651264257,0.5463359651264257,0.5463359651264257,0.5463359651264257,0.5463359651264257,0.09943265109466191,0.09943265109466191,0.09943265109466191,0.09943265109466191,0.09943265109466191,0.25479873268425035,0.25479873268425035,0.25479873268425035,0.25479873268425035,0.25479873268425035,0.7711569188945604
16.2,0.3542313837837991,0.3542313837837991,0.3542313837837991,0.3542313837837991,0.3542313837837991,0.54633596512016,0.54633596512016,0.54633596512016,0.54633596512016,0.54633596512016,0.09943265109604105,0.09943265109604105,0.09943265109604105,0.09943265109604105,0.09943265109604105,0.25479873268775777,0.25479873268775777,0.25479873268775777,0.25479873268775777,0.25479873268775777,0.7711569189189931
16.3,0.3542313837872339,0.3542313837872339,0.3542313837872339,0.3542313837872339,0.3542313837872339,0.5463359651159989,0.5463359651159989,0.5463359651159989,0.5463359651159989,0.5463359651159989,0.0994326510967674,0.0994326510967674,0.0994326510967674,0.0994326510967674,0.0994326510967674,0.2547987326904662,0.2547987326904662,0.2547987326904662,0.2547987326904662,0.2547987326904662,0.771156918936167
16.4,0.3542313837892965,0.3542313837892965,0.3542313837892965,0.3542313837892965,0.3542313837892965,0.5463359651138295,0.5463359651138295,0.5463359651138295,0.5463359651138295,0.5463359651138295,0.09943265109687416,0.09943265109687416,0.09943265109687416,0.09943265109687416,0.09943265109687416,0.254798732692422,0.254798732692422,0.254798732692422,0.254798732692422,0.254798732692422,0.7711569189464798
16.5,0.3542313837901083,0.3542313837901083,0.3542313837901083,0.3542313837901083,0.3542313837901083,0.5463359651134715,0.5463359651134715,0.5463359651134715,0.5463359651134715,0.5463359651134715,0.09943265109642035,0.09943265109642035,0.09943265109642035,0.09943265109642035,0.09943265109642035,0.25479873269368764,0.25479873269368764,0.25479873269368764,0.25479873269368764,0.25479873269368764,0.771156918950539
16.6,0.3542313837898331,0.3542313837898331,0.3542313837898331,0.3542313837898331,0.3542313837898331,0.5463359651146762,0.5463359651146762,0.5463359651146762,0.5463359651146762,0.5463359651146762,0.09943265109549086,0.09943265109549086,0.09943265109549086,0.09943265109549086,0.09943265109549086,0.2547987326943419,0.2547987326943419,0.2547987326943419,0.2547987326943419,0.2547987326943419,0.7711569189491626
16.7,0.35423138378867636,0.35423138378867636,0.35423138378867636,0.35423138378867636,0.35423138378867636,0.5463359651171275,0.5463359651171275,0.5463359651171275,0.5463359651171275,0.5463359651171275,0.09943265109419641,0.09943265109419641,0.09943265109419641,0.09943265109419641,0.09943265109419641,0.2547987326944795,0.2547987326944795,0.2547987326944795,0.2547987326944795,0.2547987326944795,0.7711569189433787
16.8,0.3542313837868857,0.3542313837868857,0.3542313837868857,0.3542313837868857,0.3542313837868857,0.5463359651204409,0.5463359651204409,0.5463359651204409,0.5463359651204409,0.5463359651204409,0.09943265109267363,0.09943265109267363,0.09943265109267363,0.09943265109267363,0.09943265109267363,0.2547987326942116,0.2547987326942116,0.2547987326942116,0.2547987326942116,0.2547987326942116,0.7711569189344251
16.9,0.3542313837847507,0.3542313837847507,0.3542313837847507,0.3542313837847507,0.3542313837847507,0.5463359651241645,0.5463359651241645,0.5463359651241645,0.5463359651241645,0.5463359651241645,0.09943265109108494,0.09943265109108494,0.09943265109108494,0.09943265109108494,0.09943265109108494,0.25479873269366526,0.25479873269366526,0.25479873269366526,0.25479873269366526,0.25479873269366526,0.77115691892375
17.0,0.3542313837826031,0.3542313837826031,0.3542313837826031,0.3542313837826031,0.3542313837826031,0.5463359651277784,0.5463359651277784,0.5463359651277784,0.5463359651277784,0.5463359651277784,0.09943265108961867,0.09943265108961867,0.09943265108961867,0.09943265108961867,0.09943265108961867,0.2547987326929839,0.2547987326929839,0.2547987326929839,0.2547987326929839,0.2547987326929839,0.7711569189130117
17.1,0.35423138378081653,0.35423138378081653,0.35423138378081653,0.35423138378081653,0.35423138378081653,0.5463359651306947,0.5463359651306947,0.5463359651306947,0.5463359651306947,0.5463359651306947,0.09943265108848898,0.09943265108848898,0.09943265108848898,0.09943265108848898,0.09943265108848898,0.254798732692327,0.254798732692327,0.254798732692327,0.254798732692327,0.254798732692327,0.7711569189040787
17.2,0.3542313837798066,0.3542313837798066,0.3542313837798066,0.3542313837798066,0.3542313837798066,0.5463359651322577,0.5463359651322577,0.5463359651322577,0.5463359651322577,0.5463359651322577,0.09943265108793588,0.09943265108793588,0.09943265108793588,0.09943265108793588,0.09943265108793588,0.25479873269187014,0.25479873269187014,0.25479873269187014,0.25479873269187014,0.25479873269187014,0.771156918899029
17.3,0.35423138378003116,0.35423138378003116,0.35423138378003116,0.35423138378003116,0.35423138378003116,0.5463359651317438,0.5463359651317438,0.5463359651317438,0.5463359651317438,0.5463359651317438,0.09943265108822527,0.09943265108822527,0.09943265108822527,0.09943265108822527,0.09943265108822527,0.25479873269180525,0.25479873269180525,0.25479873269180525,0.25479873269180525,0.25479873269180525,0.7711569189001515
17.4,0.3542313837782921,0.3542313837782921,0.3542313837782921,0.3542313837782921,0.3542313837782921,0.5463359651304169,0.5463359651304169,0.5463359651304169,0.5463359651304169,0.5463359651304169,0.09943265109129104,0.09943265109129104,0.09943265109129104,0.09943265109129104,0.09943265109129104,0.2547987326870005,0.2547987326870005,0.2547987326870005,0.2547987326870005,0.2547987326870005,0.7711569188914563
17.5,0.35423138375006197,0.35423138375006197,0.35423138375006197,0.35423138375006197,0.35423138375006197,0.5463359651417862,0.5463359651417862,0.5463359651417862,0.5463359651417862,0.5463359651417862,0.09943265110815196,0.09943265110815196,0.09943265110815196,0.09943265110815196,0.09943265110815196,0.2547987326419094,0.2547987326419094,0.2547987326419094,0.2547987326419094,0.2547987326419094,0.7711569187503056
17.6,0.3542313836983192,0.3542313836983192,0.3542313836983192,0.3542313836983192,0.3542313836983192,0.5463359651647681,0.5463359651647681,0.5463359651647681,0.5463359651647681,0.5463359651647681,0.09943265113691287,0.09943265113691287,0.09943265113691287,0.09943265113691287,0.09943265113691287,0.25479873256140567,0.25479873256140567,0.25479873256140567,0.25479873256140567,0.25479873256140567,0.7711569184915915
17.7,0.35423138363155665,0.35423138363155665,0.35423138363155665,0.35423138363155665,0.35423138363155665,0.546335965195219,0.546335965195219,0.546335965195219,0.546335965195219,0.546335965195219,0.09943265117322451,0.09943265117322451,0.09943265117322451,0.09943265117322451,0.09943265117322451,0.25479873245833157,0.25479873245833157,0.25479873245833157,0.25479873245833157,0.25479873245833157,0.771156918157779
17.8,0.35423138355738404,0.35423138355738404,0.35423138355738404,0.35423138355738404,0.35423138355738404,0.5463359652294262,0.5463359652294262,0.5463359652294262,0.5463359652294262,0.5463359652294262,0.09943265121318996,0.09943265121318996,0.09943265121318996,0.09943265121318996,0.09943265121318996,0.2547987323441935,0.2547987323441935,0.2547987323441935,0.2547987323441935,0.2547987323441935,0.7711569177869158
17.9,0.3542313834825275,0.3542313834825275,0.3542313834825275,0.3542313834825275,0.3542313834825275,0.5463359652641081,0.5463359652641081,0.5463359652641081,0.5463359652641081,0.5463359652641081,0.0994326512533646,0.0994326512533646,0.0994326512533646,0.0994326512533646,0.0994326512533646,0.2547987322291622,0.2547987322291622,0.2547987322291622,0.2547987322291622,0.2547987322291622,0.7711569174126328
18.0,0.35423138341282984,0.35423138341282984,0.35423138341282984,0.35423138341282984,0.35423138341282984,0.5463359652964141,0.5463359652964141,0.5463359652964141,0.5463359652964141,0.5463359652964141,0.09943265129075617,0.09943265129075617,0.09943265129075617,0.09943265129075617,0.09943265129075617,0.25479873212207305,0.25479873212207305,0.25479873212207305,0.25479873212207305,0.25479873212207305,0.7711569170641447
18.1,0.3542313833532507,0.3542313833532507,0.3542313833532507,0.3542313833532507,0.3542313833532507,0.5463359653239247,0.5463359653239247,0.5463359653239247,0.5463359653239247,0.5463359653239247,0.09943265132282472,0.09943265132282472,0.09943265132282472,0.09943265132282472,0.09943265132282472,0.25479873203042536,0.25479873203042536,0.25479873203042536,0.25479873203042536,0.25479873203042536,0.771156916766249
18.2,0.35423138330786624,0.35423138330786624,0.35423138330786624,0.35423138330786624,0.35423138330786624,0.5463359653446512,0.5463359653446512,0.5463359653446512,0.5463359653446512,0.5463359653446512,0.09943265134748262,0.09943265134748262,0.09943265134748262,0.09943265134748262,0.09943265134748262,0.254798731960383,0.254798731960383,0.254798731960383,0.254798731960383,0.254798731960383,0.7711569165393266
18.3,0.3542313832798693,0.3542313832798693,0.3542313832798693,0.3542313832798693,0.3542313832798693,0.5463359653570362,0.5463359653570362,0.5463359653570362,0.5463359653570362,0.5463359653570362,0.09943265136309462,0.09943265136309462,0.09943265136309462,0.09943265136309462,0.09943265136309462,0.25479873191677405,0.25479873191677405,0.25479873191677405,0.25479873191677405,0.25479873191677405,0.7711569163993418
18.4,0.35423138327156933,0.35423138327156933,0.35423138327156933,0.35423138327156933,0.35423138327156933,0.5463359653599531,0.5463359653599531,0.5463359653599531,0.5463359653599531,0.5463359653599531,0.09943265136847773,0.09943265136847773,0.09943265136847773,0.09943265136847773,0.09943265136847773,0.25479873190309094,0.25479873190309094,0.25479873190309094,0.25479873190309094,0.25479873190309094,0.771156916357842
18.5,0.3542313832843925,0.3542313832843925,0.3542313832843925,0.3542313832843925,0.3542313832843925,0.5463359653527063,0.5463359653527063,0.5463359653527063,0.5463359653527063,0.5463359653527063,0.09943265136290133,0.09943265136290133,0.09943265136290133,0.09943265136290133,0.09943265136290133,0.25479873192149055,0.25479873192149055,0.25479873192149055,0.25479873192149055,0.25479873192149055,0.7711569164219578
18.6,0.3542313833188816,0.3542313833188816,0.3542313833188816,0.3542313833188816,0.3542313833188816,0.5463359653350314,0.5463359653350314,0.5463359653350314,0.5463359653350314,0.5463359653350314,0.09943265134608713,0.09943265134608713,0.09943265134608713,0.09943265134608713,0.09943265134608713,0.25479873197279385,0.25479873197279385,0.25479873197279385,0.25479873197279385,0.25479873197279385,0.7711569165944034
18.7,0.3542313833746961,0.3542313833746961,0.3542313833746961,0.3542313833746961,0.3542313833746961,0.5463359653070949,0.5463359653070949,0.5463359653070949,0.5463359653070949,0.5463359653070949,0.09943265131820914,0.09943265131820914,0.09943265131820914,0.09943265131820914,0.09943265131820914,0.2547987320564863,0.2547987320564863,0.2547987320564863,0.2547987320564863,0.2547987320564863,0.7711569168734759
18.8,0.35423138345061206,0.35423138345061206,0.35423138345061206,0.35423138345061206,0.35423138345061206,0.5463359652694944,0.5463359652694944,0.5463359652694944,0.5463359652694944,0.5463359652694944,0.09943265127989374,0.09943265127989374,0.09943265127989374,0.09943265127989374,0.09943265127989374,0.2547987321707177,0.2547987321707177,0.2547987321707177,0.2547987321707177,0.2547987321707177,0.7711569172530559
18.9,0.35423138354452227,0.35423138354452227,0.35423138354452227,0.35423138354452227,0.35423138354452227,0.5463359652232582,0.5463359652232582,0.5463359652232582,0.5463359652232582,0.5463359652232582,0.09943265123221962,0.09943265123221962,0.09943265123221962,0.09943265123221962,0.09943265123221962,0.25479873231230205,0.25479873231230205,0.25479873231230205,0.25479873231230205,0.25479873231230205,0.7711569177226071
19.0,0.35423138365343615,0.35423138365343615,0.35423138365343615,0.35423138365343615,0.35423138365343615,0.5463359651698462,0.5463359651698462,0.5463359651698462,0.5463359651698462,0.5463359651698462,0.09943265117671778,0.09943265117671778,0.09943265117671778,0.09943265117671778,0.09943265117671778,0.25479873247671775,0.25479873247671775,0.25479873247671775,0.25479873247671775,0.25479873247671775,0.7711569182671766
19.1,0.35423138377347974,0.35423138377347974,0.35423138377347974,0.35423138377347974,0.35423138377347974,0.5463359651111488,0.5463359651111488,0.5463359651111488,0.5463359651111488,0.5463359651111488,0.09943265111537157,0.09943265111537157,0.09943265111537157,0.09943265111537157,0.09943265111537157,0.25479873265810754,0.25479873265810754,0.25479873265810754,0.25479873265810754,0.25479873265810754,0.7711569188673948
19.2,0.3542313838998958,0.3542313838998958,0.3542313838998958,0.3542313838998958,0.3542313838998958,0.5463359650494877,0.5463359650494877,0.5463359650494877,0.5463359650494877,0.5463359650494877,0.09943265105061669,0.09943265105061669,0.09943265105061669,0.09943265105061669,0.09943265105061669,0.2547987328492785,0.2547987328492785,0.2547987328492785,0.2547987328492785,0.2547987328492785,0.7711569194994751
19.3,0.3542313840270436,0.3542313840270436,0.3542313840270436,0.3542313840270436,0.3542313840270436,0.5463359649876154,0.5463359649876154,0.5463359649876154,0.5463359649876154,0.5463359649876154,0.09943265098534111,0.09943265098534111,0.09943265098534111,0.09943265098534111,0.09943265098534111,0.2547987330417019,0.2547987330417019,0.2547987330417019,0.2547987330417019,0.2547987330417019,0.7711569201352144
19.4,0.3542313841483993,0.3542313841483993,0.3542313841483993,0.3542313841483993,0.3542313841483993,0.5463359649287156,0.5463359649287156,0.5463359649287156,0.5463359649287156,0.5463359649287156,0.09943265092288521,0.09943265092288521,0.09943265092288521,0.09943265092288521,0.09943265092288521,0.2547987332255135,0.2547987332255135,0.2547987332255135,0.2547987332255135,0.2547987332255135,0.771156920741993
19.5,0.3542313842565555,0.3542313842565555,0.3542313842565555,0.3542313842565555,0.3542313842565555,0.546335964876403,0.546335964876403,0.546335964876403,0.546335964876403,0.546335964876403,0.09943265086704162,0.09943265086704162,0.09943265086704162,0.09943265086704162,0.09943265086704162,0.2547987333895133,0.2547987333895133,0.2547987333895133,0.2547987333895133,0.2547987333895133,0.7711569212827741
19.6,0.3542313843432215,0.3542313843432215,0.3542313843432215,0.3542313843432215,0.3542313843432215,0.5463359648347232,0.5463359648347232,0.5463359648347232,0.5463359648347232,0.5463359648347232,0.09943265082205532,0.09943265082205532,0.09943265082205532,0.09943265082205532,0.09943265082205532,0.2547987335211656,0.2547987335211656,0.2547987335211656,0.2547987335211656,0.2547987335211656,0.7711569217161044
19.7,0.35423138439922336,0.35423138439922336,0.35423138439922336,0.35423138439922336,0.35423138439922336,0.546335964808153,0.546335964808153,0.546335964808153,0.546335964808153,0.546335964808153,0.09943265079262369,0.09943265079262369,0.09943265079262369,0.09943265079262369,0.09943265079262369,0.2547987336065991,0.2547987336065991,0.2547987336065991,0.2547987336065991,0.2547987336065991,0.7711569219961139
19.8,0.3542313844145037,0.3542313844145037,0.3542313844145037,0.3542313844145037,0.3542313844145037,0.5463359648016001,0.5463359648016001,0.5463359648016001,0.5463359648016001,0.5463359648016001,0.09943265078389632,0.09943265078389632,0.09943265078389632,0.09943265078389632,0.09943265078389632,0.2547987336306068,0.2547987336306068,0.2547987336306068,0.2547987336306068,0.2547987336306068,0.7711569220725155
19.9,0.3542313843781218,0.3542313843781218,0.3542313843781218,0.3542313843781218,0.3542313843781218,0.5463359648204031,0.5463359648204031,0.5463359648204031,0.5463359648204031,0.5463359648204031,0.09943265080147523,0.09943265080147523,0.09943265080147523,0.09943265080147523,0.09943265080147523,0.25479873357664595,0.25479873357664595,0.25479873357664595,0.25479873357664595,0.25479873357664595,0.771156921890606
20.0,0.35423138427825357,0.35423138427825357,0.35423138427825357,0.35423138427825357,0.35423138427825357,0.5463359648703319,0.5463359648703319,0.5463359648703319,0.5463359648703319,0.5463359648703319,0.09943265085141471,0.09943265085141471,0.09943265085141471,0.09943265085141471,0.09943265085141471,0.2547987334268383,0.2547987334268383,0.2547987334268383,0.2547987334268383,0.2547987334268383,0.771156921391265
