time,Think_1,Think_2,Think_3,Think_4,Think_5,Hungry_1,Hungry_2,Hungry_3,Hungry_4,Hungry_5,Eat_1,Eat_2,Eat_3,Eat_4,Eat_5,Fork_1,Fork_2,Fork_3,Fork_4,Fork_5
0.0,1.0,1.0,1.0,1.0,1.0,0.0,0.0,0.0,0.0,0.0,0.0,0.0,0.0,0.0,0.0,1.0,1.0,1.0,1.0,1.0
0.1,0.8340815753043919,0.8340815753043919,0.8340815753043919,0.8340815753043919,0.8340815753043919,0.158728998382759,0.158728998382759,0.158728998382759,0.158728998382759,0.158728998382759,0.007189426312849239,0.007189426312849239,0.007189426312849239,0.007189426312849239,0.007189426312849239,0.8268921489915425,0.8268921489915425,0.8268921489915425,0.8268921489915425,0.8268921489915425
0.2,0.7184575517505556,0.7184575517505556,0.7184575517505556,0.7184575517505556,0.7184575517505556,0.26025246493295373,0.26025246493295373,0.26025246493295373,0.26025246493295373,0.26025246493295373,0.021289983316490634,0.021289983316490634,0.021289983316490634,0.021289983316490634,0.021289983316490634,0.6971675684340649,0.6971675684340649,0.6971675684340649,0.6971675684340649,0.6971675684340649
0.3,0.6352233285182535,0.6352233285182535,0.6352233285182535,0.6352233285182535,0.6352233285182535,0.32843763837748874,0.32843763837748874,0.32843763837748874,0.32843763837748874,0.32843763837748874,0.03633903310425789,0.03633903310425789,0.03633903310425789,0.03633903310425789,0.03633903310425789,0.5988842954139953,0.5988842954139953,0.5988842954139953,0.5988842954139953,0.5988842954139953
0.4,0.5737237148318061,0.5737237148318061,0.5737237148318061,0.5737237148318061,0.5737237148318061,0.37624255974565185,0.37624255974565185,0.37624255974565185,0.37624255974565185,0.37624255974565185,0.05003372542254219,0.05003372542254219,0.05003372542254219,0.05003372542254219,0.05003372542254219,0.5236899894092637,0.5236899894092637,0.5236899894092637,0.5236899894092637,0.5236899894092637
0.5,0.5272962799071321,0.5272962799071321,0.5272962799071321,0.5272962799071321,0.5272962799071321,0.4110624862624886,0.4110624862624886,0.4110624862624886,0.4110624862624886,0.4110624862624886,0.061641233830379276,0.061641233830379276,0.061641233830379276,0.061641233830379276,0.061641233830379276,0.4656550460767528,0.4656550460767528,0.4656550460767528,0.4656550460767528,0.4656550460767528
0.6,0.4916015092708184,0.4916015092708184,0.4916015092708184,0.4916015092708184,0.4916015092708184,0.4373019854503476,0.4373019854503476,0.4373019854503476,0.4373019854503476,0.4373019854503476,0.07109650527883392,0.07109650527883392,0.07109650527883392,0.07109650527883392,0.07109650527883392,0.4205050039919845,0.4205050039919845,0.4205050039919845,0.4205050039919845,0.4205050039919845
0.7,0.46371606022618866,0.46371606022618866,0.46371606022618866,0.46371606022618866,0.46371606022618866,0.457683298334666,0.457683298334666,0.457683298334666,0.457683298334666,0.457683298334666,0.07860064143914537,0.07860064143914537,0.07860064143914537,0.07860064143914537,0.07860064143914537,0.3851154187870432,0.3851154187870432,0.3851154187870432,0.3851154187870432,0.3851154187870432
0.8,0.4416151526810223,0.4416151526810223,0.4416151526810223,0.4416151526810223,0.4416151526810223,0.4739445816583886,0.4739445816583886,0.4739445816583886,0.4739445816583886,0.4739445816583886,0.08444026566058913,0.08444026566058913,0.08444026566058913,0.08444026566058913,0.08444026566058913,0.35717488702043315,0.35717488702043315,0.35717488702043315,0.35717488702043315,0.35717488702043315
0.9,0.4238639107629685,0.4238639107629685,0.4238639107629685,0.4238639107629685,0.4238639107629685,0.48722831787758114,0.48722831787758114,0.48722831787758114,0.48722831787758114,0.48722831787758114,0.08890777135945037,0.08890777135945037,0.08890777135945037,0.08890777135945037,0.08890777135945037,0.33495613940351804,0.33495613940351804,0.33495613940351804,0.33495613940351804,0.33495613940351804
1.0,0.4094261024138003,0.4094261024138003,0.4094261024138003,0.4094261024138003,0.4094261024138003,0.49830535709349677,0.49830535709349677,0.49830535709349677,0.49830535709349677,0.49830535709349677,0.09226854049270286,0.09226854049270286,0.09226854049270286,0.09226854049270286,0.09226854049270286,0.3171575619210974,0.3171575619210974,0.3171575619210974,0.3171575619210974,0.3171575619210974
1.1,0.39754156536498175,0.39754156536498175,0.39754156536498175,0.39754156536498175,0.39754156536498175,0.507708346117903,0.507708346117903,0.507708346117903,0.507708346117903,0.507708346117903,0.09475008851711526,0.09475008851711526,0.09475008851711526,0.09475008851711526,0.09475008851711526,0.3027914768478664,0.3027914768478664,0.3027914768478664,0.3027914768478664,0.3027914768478664
1.2,0.387645299595389,0.387645299595389,0.387645299595389,0.387645299595389,0.387645299595389,0.5158134906781833,0.5158134906781833,0.5158134906781833,0.5158134906781833,0.5158134906781833,0.0965412097264277,0.0965412097264277,0.0965412097264277,0.0965412097264277,0.0965412097264277,0.29110408986896125,0.29110408986896125,0.29110408986896125,0.29110408986896125,0.29110408986896125
1.3,0.3793126711343705,0.3793126711343705,0.3793126711343705,0.3793126711343705,0.3793126711343705,0.5228919598041725,0.5228919598041725,0.5228919598041725,0.5228919598041725,0.5228919598041725,0.09779536906145701,0.09779536906145701,0.09779536906145701,0.09779536906145701,0.09779536906145701,0.2815173020729134,0.2815173020729134,0.2815173020729134,0.2815173020729134,0.2815173020729134
1.4,0.3722214654043135,0.3722214654043135,0.3722214654043135,0.3722214654043135,0.3722214654043135,0.5291429649257927,0.5291429649257927,0.5291429649257927,0.5291429649257927,0.5291429649257927,0.09863556966989377,0.09863556966989377,0.09863556966989377,0.09863556966989377,0.09863556966989377,0.2735858957344196,0.2735858957344196,0.2735858957344196,0.2735858957344196,0.2735858957344196
1.5,0.36612510481997296,0.36612510481997296,0.36612510481997296,0.36612510481997296,0.36612510481997296,0.5347155016243584,0.5347155016243584,0.5347155016243584,0.5347155016243584,0.5347155016243584,0.09915939355566868,0.09915939355566868,0.09915939355566868,0.09915939355566868,0.09915939355566868,0.26696571126430413,0.26696571126430413,0.26696571126430413,0.26696571126430413,0.26696571126430413
1.6,0.3608334382936636,0.3608334382936636,0.3608334382936636,0.3608334382936636,0.3608334382936636,0.5397229188052379,0.5397229188052379,0.5397229188052379,0.5397229188052379,0.5397229188052379,0.09944364290109846,0.09944364290109846,0.09944364290109846,0.09944364290109846,0.09944364290109846,0.26138979539256496,0.26138979539256496,0.26138979539256496,0.26138979539256496,0.26138979539256496
1.7,0.35619876947721996,0.35619876947721996,0.35619876947721996,0.35619876947721996,0.35619876947721996,0.5442528578271589,0.5442528578271589,0.5442528578271589,0.5442528578271589,0.5442528578271589,0.09954837269562108,0.09954837269562108,0.09954837269562108,0.09954837269562108,0.09954837269562108,0.2566503967815987,0.2566503967815987,0.2566503967815987,0.2566503967815987,0.2566503967815987
1.8,0.3521055830897569,0.3521055830897569,0.3521055830897569,0.3521055830897569,0.3521055830897569,0.5483741420408587,0.5483741420408587,0.5483741420408587,0.5483741420408587,0.5483741420408587,0.09952027486938429,0.09952027486938429,0.09952027486938429,0.09952027486938429,0.09952027486938429,0.25258530822037245,0.25258530822037245,0.25258530822037245,0.25258530822037245,0.25258530822037245
1.9,0.34846291299853077,0.34846291299853077,0.34846291299853077,0.34846291299853077,0.34846291299853077,0.5521416259072083,0.5521416259072083,0.5521416259072083,0.5521416259072083,0.5521416259072083,0.0993954610942608,0.0993954610942608,0.0993954610942608,0.0993954610942608,0.0993954610942608,0.24906745190426974,0.24906745190426974,0.24906745190426974,0.24906745190426974,0.24906745190426974
2.0,0.345198631343183,0.345198631343183,0.345198631343183,0.345198631343183,0.345198631343183,0.555599654255734,0.555599654255734,0.555599654255734,0.555599654255734,0.555599654255734,0.09920171440108297,0.09920171440108297,0.09920171440108297,0.09920171440108297,0.09920171440108297,0.24599691694209982,0.24599691694209982,0.24599691694209982,0.24599691694209982,0.24599691694209982
2.1,0.34225514122137,0.34225514122137,0.34225514122137,0.34225514122137,0.34225514122137,0.5587845631970968,0.5587845631970968,0.5587845631970968,0.5587845631970968,0.5587845631970968,0.09896029558153321,0.09896029558153321,0.09896029558153321,0.09896029558153321,0.09896029558153321,0.2432948456398365,0.2432948456398365,0.2432948456398365,0.2432948456398365,0.2432948456398365
2.2,0.339586113861531,0.339586113861531,0.339586113861531,0.339586113861531,0.339586113861531,0.5617265081597395,0.5617265081597395,0.5617265081597395,0.5617265081597395,0.5617265081597395,0.0986873779787296,0.0986873779787296,0.0986873779787296,0.0986873779787296,0.0986873779787296,0.2408987358828011,0.2408987358828011,0.2408987358828011,0.2408987358828011,0.2408987358828011
2.3,0.3371540012232558,0.3371540012232558,0.3371540012232558,0.3371540012232558,0.3371540012232558,0.5644508167280775,0.5644508167280775,0.5644508167280775,0.5644508167280775,0.5644508167280775,0.0983951820486667,0.0983951820486667,0.0983951820486667,0.0983951820486667,0.0983951820486667,0.23875881917458883,0.23875881917458883,0.23875881917458883,0.23875881917458883,0.23875881917458883
2.4,0.33492813187383563,0.33492813187383563,0.33492813187383563,0.33492813187383563,0.33492813187383563,0.5669790000829305,0.5669790000829305,0.5669790000829305,0.5669790000829305,0.5669790000829305,0.09809286804323386,0.09809286804323386,0.09809286804323386,0.09809286804323386,0.09809286804323386,0.23683526383060152,0.23683526383060152,0.23683526383060152,0.23683526383060152,0.23683526383060152
2.5,0.3328832479661228,0.3328832479661228,0.3328832479661228,0.3328832479661228,0.3328832479661228,0.5693295169846596,0.5693295169846596,0.5693295169846596,0.5693295169846596,0.5693295169846596,0.09778723504921756,0.09778723504921756,0.09778723504921756,0.09778723504921756,0.09778723504921756,0.23509601291690496,0.23509601291690496,0.23509601291690496,0.23509601291690496,0.23509601291690496
2.6,0.33099837639668384,0.33099837639668384,0.33099837639668384,0.33099837639668384,0.33099837639668384,0.5715183568326248,0.5715183568326248,0.5715183568326248,0.5715183568326248,0.5715183568326248,0.09748326677069141,0.09748326677069141,0.09748326677069141,0.09748326677069141,0.09748326677069141,0.23351510962599215,0.23351510962599215,0.23351510962599215,0.23351510962599215,0.23351510962599215
2.7,0.32925595445133965,0.32925595445133965,0.32925595445133965,0.32925595445133965,0.32925595445133965,0.5735594891212719,0.5735594891212719,0.5735594891212719,0.5735594891212719,0.5735594891212719,0.09718455642738856,0.09718455642738856,0.09718455642738856,0.09718455642738856,0.09718455642738856,0.23207139802395088,0.23207139802395088,0.23207139802395088,0.23207139802395088,0.23207139802395088
2.8,0.3276411501089725,0.3276411501089725,0.3276411501089725,0.3276411501089725,0.3276411501089725,0.5754652132942885,0.5754652132942885,0.5754652132942885,0.5754652132942885,0.5754652132942885,0.0968936365967392,0.0968936365967392,0.0968936365967392,0.0968936365967392,0.0968936365967392,0.23074751351223302,0.23074751351223302,0.23074751351223302,0.23074751351223302,0.23074751351223302
2.9,0.3261413316586638,0.3261413316586638,0.3261413316586638,0.3261413316586638,0.3261413316586638,0.5772464337406421,0.5772464337406421,0.5772464337406421,0.5772464337406421,0.5772464337406421,0.09661223460069422,0.09661223460069422,0.09661223460069422,0.09661223460069422,0.09661223460069422,0.2295290970579694,0.2295290970579694,0.2295290970579694,0.2295290970579694,0.2295290970579694
3.0,0.3247456521823345,0.3247456521823345,0.3247456521823345,0.3247456521823345,0.3247456521823345,0.5789128780633561,0.5789128780633561,0.5789128780633561,0.5789128780633561,0.5789128780633561,0.09634146975430946,0.09634146975430946,0.09634146975430946,0.09634146975430946,0.09634146975430946,0.22840418242802485,0.22840418242802485,0.22840418242802485,0.22840418242802485,0.22840418242802485
3.1,0.3234447226384008,0.3234447226384008,0.3234447226384008,0.3234447226384008,0.3234447226384008,0.5804732720157195,0.5804732720157195,0.5804732720157195,0.5804732720157195,0.5804732720157195,0.09608200534587977,0.09608200534587977,0.09608200534587977,0.09608200534587977,0.09608200534587977,0.22736271729252078,0.22736271729252078,0.22736271729252078,0.22736271729252078,0.22736271729252078
3.2,0.32223035343325906,0.32223035343325906,0.32223035343325906,0.32223035343325906,0.32223035343325906,0.5819354810968278,0.5819354810968278,0.5819354810968278,0.5819354810968278,0.5819354810968278,0.09583416546991322,0.09583416546991322,0.09583416546991322,0.09583416546991322,0.09583416546991322,0.22639618796334562,0.22639618796334562,0.22639618796334562,0.22639618796334562,0.22639618796334562
3.3,0.3210953493842138,0.3210953493842138,0.3210953493842138,0.3210953493842138,0.3210953493842138,0.5833066261426356,0.5833066261426356,0.5833066261426356,0.5833066261426356,0.5833066261426356,0.09559802447315069,0.09559802447315069,0.09559802447315069,0.09559802447315069,0.09559802447315069,0.22549732491106292,0.22549732491106292,0.22549732491106292,0.22549732491106292,0.22549732491106292
3.4,0.3200333462046812,0.3200333462046812,0.3200333462046812,0.3200333462046812,0.3200333462046812,0.5845931786171088,0.5845931786171088,0.5845931786171088,0.5845931786171088,0.5845931786171088,0.0953734751782101,0.0953734751782101,0.0953734751782101,0.0953734751782101,0.0953734751782101,0.22465987102647086,0.22465987102647086,0.22465987102647086,0.22465987102647086,0.22465987102647086
3.5,0.3190386791970243,0.3190386791970243,0.3190386791970243,0.3190386791970243,0.3190386791970243,0.585801039813301,0.585801039813301,0.585801039813301,0.585801039813301,0.585801039813301,0.09516028098967488,0.09516028098967488,0.09516028098967488,0.09516028098967488,0.09516028098967488,0.22387839820734914,0.22387839820734914,0.22387839820734914,0.22387839820734914,0.22387839820734914
3.6,0.318106276866033,0.318106276866033,0.318106276866033,0.318106276866033,0.318106276866033,0.5869356075469437,0.5869356075469437,0.5869356075469437,0.5869356075469437,0.5869356075469437,0.09495811558702338,0.09495811558702338,0.09495811558702338,0.09495811558702338,0.09495811558702338,0.22314816127900938,0.22314816127900938,0.22314816127900938,0.22314816127900938,0.22314816127900938
3.7,0.3172315750111787,0.3172315750111787,0.3172315750111787,0.3172315750111787,0.3172315750111787,0.5880018324568194,0.5880018324568194,0.5880018324568194,0.5880018324568194,0.5880018324568194,0.09476659253200194,0.09476659253200194,0.09476659253200194,0.09476659253200194,0.09476659253200194,0.22246498247917657,0.22246498247917657,0.22246498247917657,0.22246498247917657,0.22246498247917657
3.8,0.3164104470449821,0.3164104470449821,0.3164104470449821,0.3164104470449821,0.3164104470449821,0.5890042656780884,0.5890042656780884,0.5890042656780884,0.5890042656780884,0.5890042656780884,0.09458528727692958,0.09458528727692958,0.09458528727692958,0.09458528727692958,0.09458528727692958,0.2218251597680523,0.2218251597680523,0.2218251597680523,0.2218251597680523,0.2218251597680523
3.9,0.3156391452661511,0.3156391452661511,0.3156391452661511,0.3156391452661511,0.3156391452661511,0.5899471003003612,0.5899471003003612,0.5899471003003612,0.5899471003003612,0.5899471003003612,0.09441375443348782,0.09441375443348782,0.09441375443348782,0.09441375443348782,0.09441375443348782,0.22122539083266304,0.22122539083266304,0.22122539083266304,0.22122539083266304,0.22122539083266304
4.0,0.3149142531749343,0.3149142531749343,0.3149142531749343,0.3149142531749343,0.3149142531749343,0.590834207149387,0.590834207149387,0.590834207149387,0.590834207149387,0.590834207149387,0.09425153967567876,0.09425153967567876,0.09425153967567876,0.09425153967567876,0.09425153967567876,0.22066271349925534,0.22066271349925534,0.22066271349925534,0.22066271349925534,0.22066271349925534
4.1,0.31423264628762193,0.31423264628762193,0.31423264628762193,0.31423264628762193,0.31423264628762193,0.591669165219625,0.591669165219625,0.591669165219625,0.591669165219625,0.591669165219625,0.09409818849275316,0.09409818849275316,0.09409818849275316,0.09409818849275316,0.09409818849275316,0.22013445779486854,0.22013445779486854,0.22013445779486854,0.22013445779486854,0.22013445779486854
4.2,0.31359145697729673,0.31359145697729673,0.31359145697729673,0.31359145697729673,0.31359145697729673,0.5924552896463403,0.5924552896463403,0.5924552896463403,0.5924552896463403,0.5924552896463403,0.093953253376363,0.093953253376363,0.093953253376363,0.093953253376363,0.093953253376363,0.21963820360093347,0.21963820360093347,0.21963820360093347,0.21963820360093347,0.21963820360093347
4.3,0.3129880478904463,0.3129880478904463,0.3129880478904463,0.3129880478904463,0.3129880478904463,0.5931956548240113,0.5931956548240113,0.5931956548240113,0.5931956548240113,0.5931956548240113,0.09381629728554247,0.09381629728554247,0.09381629728554247,0.09381629728554247,0.09381629728554247,0.2191717506049036,0.2191717506049036,0.2191717506049036,0.2191717506049036,0.2191717506049036
4.4,0.3124199860270942,0.3124199860270942,0.3124199860270942,0.3124199860270942,0.3124199860270942,0.5938931161317897,0.5938931161317897,0.5938931161317897,0.5938931161317897,0.5938931161317897,0.09368689784111617,0.09368689784111617,0.09368689784111617,0.09368689784111617,0.09368689784111617,0.21873308818597778,0.21873308818597778,0.21873308818597778,0.21873308818597778,0.21873308818597778
4.5,0.3118850233098593,0.3118850233098593,0.3118850233098593,0.3118850233098593,0.3118850233098593,0.5945503283907461,0.5945503283907461,0.5945503283907461,0.5945503283907461,0.5945503283907461,0.09356464829939475,0.09356464829939475,0.09356464829939475,0.09356464829939475,0.09356464829939475,0.21832037501046428,0.21832037501046428,0.21832037501046428,0.21832037501046428,0.21832037501046428
4.6,0.3113810775715182,0.3113810775715182,0.3113810775715182,0.3113810775715182,0.3113810775715182,0.5951697627660281,0.5951697627660281,0.5951697627660281,0.5951697627660281,0.5951697627660281,0.0934491596624537,0.0934491596624537,0.0934491596624537,0.0934491596624537,0.0934491596624537,0.2179319179090643,0.2179319179090643,0.2179319179090643,0.2179319179090643,0.2179319179090643
4.7,0.3109062177984125,0.3109062177984125,0.3109062177984125,0.3109062177984125,0.3109062177984125,0.5957537217754854,0.5957537217754854,0.5957537217754854,0.5957537217754854,0.5957537217754854,0.09334006042610211,0.09334006042610211,0.09334006042610211,0.09334006042610211,0.09334006042610211,0.21756615737231016,0.21756615737231016,0.21756615737231016,0.21756615737231016,0.21756615737231016
4.8,0.3104586495894246,0.3104586495894246,0.3104586495894246,0.3104586495894246,0.3104586495894246,0.5963043528155829,0.5963043528155829,0.5963043528155829,0.5963043528155829,0.5963043528155829,0.0932369975949925,0.0932369975949925,0.0932369975949925,0.0932369975949925,0.0932369975949925,0.21722165199443189,0.21722165199443189,0.21722165199443189,0.21722165199443189,0.21722165199443189
4.9,0.31003670420724977,0.31003670420724977,0.31003670420724977,0.31003670420724977,0.31003670420724977,0.5968236601720958,0.5968236601720958,0.5968236601720958,0.5968236601720958,0.5968236601720958,0.09313963562065451,0.09313963562065451,0.09313963562065451,0.09313963562065451,0.09313963562065451,0.21689706858659502,0.21689706858659502,0.21689706858659502,0.21689706858659502,0.21689706858659502
5.0,0.3096388264998202,0.3096388264998202,0.3096388264998202,0.3096388264998202,0.3096388264998202,0.5973135164707508,0.5973135164707508,0.5973135164707508,0.5973135164707508,0.5973135164707508,0.09304765702942895,0.09304765702942895,0.09304765702942895,0.09304765702942895,0.09304765702942895,0.21659116947039103,0.21659116947039103,0.21659116947039103,0.21659116947039103,0.21659116947039103
5.1,0.30926356729594645,0.30926356729594645,0.30926356729594645,0.30926356729594645,0.30926356729594645,0.5977756718681151,0.5977756718681151,0.5977756718681151,0.5977756718681151,0.5977756718681151,0.09296076083593843,0.09296076083593843,0.09296076083593843,0.09296076083593843,0.09296076083593843,0.2163028064600078,0.2163028064600078,0.2163028064600078,0.2163028064600078,0.2163028064600078
5.2,0.30890957276509656,0.30890957276509656,0.30890957276509656,0.30890957276509656,0.30890957276509656,0.5982117642943957,0.5982117642943957,0.5982117642943957,0.5982117642943957,0.5982117642943957,0.09287866294050769,0.09287866294050769,0.09287866294050769,0.09287866294050769,0.09287866294050769,0.21603090982458864,0.21603090982458864,0.21603090982458864,0.21603090982458864,0.21603090982458864
5.3,0.30857557909248423,0.30857557909248423,0.30857557909248423,0.30857557909248423,0.30857557909248423,0.5986233262941048,0.5986233262941048,0.5986233262941048,0.5986233262941048,0.5986233262941048,0.09280109461341102,0.09280109461341102,0.09280109461341102,0.09280109461341102,0.09280109461341102,0.21577448447907296,0.21577448447907296,0.21577448447907296,0.21577448447907296,0.21577448447907296
5.4,0.30826040371162705,0.30826040371162705,0.30826040371162705,0.30826040371162705,0.30826040371162705,0.5990117940590108,0.5990117940590108,0.5990117940590108,0.5990117940590108,0.5990117940590108,0.09272780222936215,0.09272780222936215,0.09272780222936215,0.09272780222936215,0.09272780222936215,0.21553260148226458,0.21553260148226458,0.21553260148226458,0.21553260148226458,0.21553260148226458
5.5,0.30796294022843296,0.30796294022843296,0.30796294022843296,0.30796294022843296,0.30796294022843296,0.5993785132044294,0.5993785132044294,0.5993785132044294,0.5993785132044294,0.5993785132044294,0.09265854656713764,0.09265854656713764,0.09265854656713764,0.09265854656713764,0.09265854656713764,0.21530439366129503,0.21530439366129503,0.21530439366129503,0.21530439366129503,0.21530439366129503
5.6,0.3076821529605614,0.3076821529605614,0.3076821529605614,0.3076821529605614,0.3076821529605614,0.5997247454537322,0.5997247454537322,0.5997247454537322,0.5997247454537322,0.5997247454537322,0.09259310158570634,0.09259310158570634,0.09259310158570634,0.09259310158570634,0.09259310158570634,0.21508905137485476,0.21508905137485476,0.21508905137485476,0.21508905137485476,0.21508905137485476
5.7,0.3074170705221081,0.3074170705221081,0.3074170705221081,0.3074170705221081,0.3074170705221081,0.6000516750341336,0.6000516750341336,0.6000516750341336,0.6000516750341336,0.6000516750341336,0.09253125444375825,0.09253125444375825,0.09253125444375825,0.09253125444375825,0.09253125444375825,0.21488581607834953,0.21488581607834953,0.21488581607834953,0.21488581607834953,0.21488581607834953
5.8,0.30716678309378315,0.30716678309378315,0.30716678309378315,0.30716678309378315,0.30716678309378315,0.6003604127626244,0.6003604127626244,0.6003604127626244,0.6003604127626244,0.6003604127626244,0.09247280414359237,0.09247280414359237,0.09247280414359237,0.09247280414359237,0.09247280414359237,0.2146939789501905,0.2146939789501905,0.2146939789501905,0.2146939789501905,0.2146939789501905
5.9,0.30693043659422026,0.30693043659422026,0.30693043659422026,0.30693043659422026,0.30693043659422026,0.6006520023029761,0.6006520023029761,0.6006520023029761,0.6006520023029761,0.6006520023029761,0.09241756110280365,0.09241756110280365,0.09241756110280365,0.09241756110280365,0.09241756110280365,0.21451287549141634,0.21451287549141634,0.21451287549141634,0.21451287549141634,0.21451287549141634
6.0,0.30670722913630766,0.30670722913630766,0.30670722913630766,0.30670722913630766,0.30670722913630766,0.6009274240639533,0.6009274240639533,0.6009274240639533,0.6009274240639533,0.6009274240639533,0.09236534679973907,0.09236534679973907,0.09236534679973907,0.09236534679973907,0.09236534679973907,0.21434188233656834,0.21434188233656834,0.21434188233656834,0.21434188233656834,0.21434188233656834
6.1,0.3064964085786716,0.3064964085786716,0.3064964085786716,0.3064964085786716,0.3064964085786716,0.6011875988614994,0.6011875988614994,0.6011875988614994,0.6011875988614994,0.6011875988614994,0.09231599255982889,0.09231599255982889,0.09231599255982889,0.09231599255982889,0.09231599255982889,0.2141804160188425,0.2141804160188425,0.2141804160188425,0.2141804160188425,0.2141804160188425
6.2,0.3062972674678537,0.3062972674678537,0.3062972674678537,0.3062972674678537,0.3062972674678537,0.6014333931202835,0.6014333931202835,0.6014333931202835,0.6014333931202835,0.6014333931202835,0.09226933941186277,0.09226933941186277,0.09226933941186277,0.09226933941186277,0.09226933941186277,0.2140279280559907,0.2140279280559907,0.2140279280559907,0.2140279280559907,0.2140279280559907
6.3,0.3061091409852511,0.3061091409852511,0.3061091409852511,0.3061091409852511,0.3061091409852511,0.6016656214411068,0.6016656214411068,0.6016656214411068,0.6016656214411068,0.6016656214411068,0.09222523757364207,0.09222523757364207,0.09222523757364207,0.09222523757364207,0.09222523757364207,0.21388390341160882,0.21388390341160882,0.21388390341160882,0.21388390341160882,0.21388390341160882
6.4,0.30593140478383674,0.30593140478383674,0.30593140478383674,0.30593140478383674,0.30593140478383674,0.6018850497071639,0.6018850497071639,0.6018850497071639,0.6018850497071639,0.6018850497071639,0.09218354550899924,0.09218354550899924,0.09218354550899924,0.09218354550899924,0.09218354550899924,0.2137478592748373,0.2137478592748373,0.2137478592748373,0.2137478592748373,0.2137478592748373
6.5,0.305763470796473,0.305763470796473,0.305763470796473,0.305763470796473,0.305763470796473,0.6020923994048124,0.6020923994048124,0.6020923994048124,0.6020923994048124,0.6020923994048124,0.09214412979871449,0.09214412979871449,0.09214412979871449,0.09214412979871449,0.09214412979871449,0.21361934099775828,0.21361934099775828,0.21361934099775828,0.21361934099775828,0.21361934099775828
6.6,0.3056047858290593,0.3056047858290593,0.3056047858290593,0.3056047858290593,0.3056047858290593,0.6022883494618481,0.6022883494618481,0.6022883494618481,0.6022883494618481,0.6022883494618481,0.09210686470909253,0.09210686470909253,0.09210686470909253,0.09210686470909253,0.09210686470909253,0.21349792111996663,0.21349792111996663,0.21349792111996663,0.21349792111996663,0.21349792111996663
6.7,0.3054548299398525,0.3054548299398525,0.3054548299398525,0.3054548299398525,0.3054548299398525,0.6024735386613214,0.6024735386613214,0.6024735386613214,0.6024735386613214,0.6024735386613214,0.09207163139882606,0.09207163139882606,0.09207163139882606,0.09207163139882606,0.09207163139882606,0.21338319854102625,0.21338319854102625,0.21338319854102625,0.21338319854102625,0.21338319854102625
6.8,0.30531311290140983,0.30531311290140983,0.30531311290140983,0.30531311290140983,0.30531311290140983,0.6026485693345646,0.6026485693345646,0.6026485693345646,0.6026485693345646,0.6026485693345646,0.09203831776402548,0.09203831776402548,0.09203831776402548,0.09203831776402548,0.09203831776402548,0.21327479513738412,0.21327479513738412,0.21327479513738412,0.21327479513738412,0.21327479513738412
6.9,0.30517917301522934,0.30517917301522934,0.30517917301522934,0.30517917301522934,0.30517917301522934,0.6028140088116433,0.6028140088116433,0.6028140088116433,0.6028140088116433,0.6028140088116433,0.09200681817312731,0.09200681817312731,0.09200681817312731,0.09200681817312731,0.09200681817312731,0.21317235484210176,0.21317235484210176,0.21317235484210176,0.21317235484210176,0.21317235484210176
7.0,0.30505257605687325,0.30505257605687325,0.30505257605687325,0.30505257605687325,0.30505257605687325,0.602970391181462,0.602970391181462,0.602970391181462,0.602970391181462,0.602970391181462,0.09197703276166463,0.09197703276166463,0.09197703276166463,0.09197703276166463,0.09197703276166463,0.21307554329520836,0.21307554329520836,0.21307554329520836,0.21307554329520836,0.21307554329520836
7.1,0.30493291248638515,0.30493291248638515,0.30493291248638515,0.30493291248638515,0.30493291248638515,0.603118220270025,0.603118220270025,0.603118220270025,0.603118220270025,0.603118220270025,0.09194886724358967,0.09194886724358967,0.09194886724358967,0.09194886724358967,0.09194886724358967,0.21298404524279527,0.21298404524279527,0.21298404524279527,0.21298404524279527,0.21298404524279527
7.2,0.30481979602883125,0.30481979602883125,0.30481979602883125,0.30481979602883125,0.30481979602883125,0.6032579712249125,0.6032579712249125,0.6032579712249125,0.6032579712249125,0.6032579712249125,0.09192223274625622,0.09192223274625622,0.09192223274625622,0.09192223274625622,0.09192223274625622,0.21289756328257484,0.21289756328257484,0.21289756328257484,0.21289756328257484,0.21289756328257484
7.3,0.304712863046227,0.304712863046227,0.304712863046227,0.304712863046227,0.304712863046227,0.6033900916465077,0.6033900916465077,0.6033900916465077,0.6033900916465077,0.6033900916465077,0.09189704530726525,0.09189704530726525,0.09189704530726525,0.09189704530726525,0.09189704530726525,0.21281581773896155,0.21281581773896155,0.21281581773896155,0.21281581773896155,0.21281581773896155
7.4,0.3046117708574694,0.3046117708574694,0.3046117708574694,0.3046117708574694,0.3046117708574694,0.6035150035669388,0.6035150035669388,0.6035150035669388,0.6035150035669388,0.6035150035669388,0.09187322557559188,0.09187322557559188,0.09187322557559188,0.09187322557559188,0.09187322557559188,0.21273854528187727,0.21273854528187727,0.21273854528187727,0.21273854528187727,0.21273854528187727
7.5,0.3045161957278538,0.3045161957278538,0.3045161957278538,0.3045161957278538,0.3045161957278538,0.6036331056176181,0.6036331056176181,0.6036331056176181,0.6036331056176181,0.6036331056176181,0.09185069865452798,0.09185069865452798,0.09185069865452798,0.09185069865452798,0.09185069865452798,0.2126654970733256,0.2126654970733256,0.2126654970733256,0.2126654970733256,0.2126654970733256
7.6,0.30442583243443155,0.30442583243443155,0.30442583243443155,0.30442583243443155,0.30442583243443155,0.6037447736653001,0.6037447736653001,0.6037447736653001,0.6037447736653001,0.6037447736653001,0.09182939390026826,0.09182939390026826,0.09182939390026826,0.09182939390026826,0.09182939390026826,0.2125964385341631,0.2125964385341631,0.2125964385341631,0.2125964385341631,0.2125964385341631
7.7,0.3043403935878888,0.3043403935878888,0.3043403935878888,0.3043403935878888,0.3043403935878888,0.6038503619201634,0.6038503619201634,0.6038503619201634,0.6038503619201634,0.6038503619201634,0.09180924449194781,0.09180924449194781,0.09180924449194781,0.09180924449194781,0.09180924449194781,0.21253114909594079,0.21253114909594079,0.21253114909594079,0.21253114909594079,0.21253114909594079
7.8,0.3042596076859272,0.3042596076859272,0.3042596076859272,0.3042596076859272,0.3042596076859272,0.6039502050234449,0.6039502050234449,0.6039502050234449,0.6039502050234449,0.6039502050234449,0.09179018729062795,0.09179018729062795,0.09179018729062795,0.09179018729062795,0.09179018729062795,0.21246942039529898,0.21246942039529898,0.21246942039529898,0.21246942039529898,0.21246942039529898
7.9,0.30418321825101224,0.30418321825101224,0.30418321825101224,0.30418321825101224,0.30418321825101224,0.6040446190334123,0.6040446190334123,0.6040446190334123,0.6040446190334123,0.6040446190334123,0.0917721627155753,0.0917721627155753,0.0917721627155753,0.0917721627155753,0.0917721627155753,0.2124110555354367,0.2124110555354367,0.2124110555354367,0.2124110555354367,0.2124110555354367
8.0,0.3041109834422003,0.3041109834422003,0.3041109834422003,0.3041109834422003,0.3041109834422003,0.6041339020680887,0.6041339020680887,0.6041339020680887,0.6041339020680887,0.6041339020680887,0.09175511448971092,0.09175511448971092,0.09175511448971092,0.09175511448971092,0.09175511448971092,0.2123558689524891,0.2123558689524891,0.2123558689524891,0.2123558689524891,0.2123558689524891
8.1,0.30404267540882973,0.30404267540882973,0.30404267540882973,0.30404267540882973,0.30404267540882973,0.6042183351918248,0.6042183351918248,0.6042183351918248,0.6042183351918248,0.6042183351918248,0.09173898939934547,0.09173898939934547,0.09173898939934547,0.09173898939934547,0.09173898939934547,0.21230368600948402,0.21230368600948402,0.21230368600948402,0.21230368600948402,0.21230368600948402
8.2,0.30397807858256554,0.30397807858256554,0.30397807858256554,0.30397807858256554,0.30397807858256554,0.6042981842840273,0.6042981842840273,0.6042981842840273,0.6042981842840273,0.6042981842840273,0.09172373713340704,0.09172373713340704,0.09172373713340704,0.09172373713340704,0.09172373713340704,0.21225434144915828,0.21225434144915828,0.21225434144915828,0.21225434144915828,0.21225434144915828
8.3,0.30391698931331373,0.30391698931331373,0.30391698931331373,0.30391698931331373,0.30391698931331373,0.6043737004729964,0.6043737004729964,0.6043737004729964,0.6043737004729964,0.6043737004729964,0.09170931021368964,0.09170931021368964,0.09170931021368964,0.09170931021368964,0.09170931021368964,0.21220767909962387,0.21220767909962387,0.21220767909962387,0.21220767909962387,0.21220767909962387
8.4,0.3038592155124546,0.3038592155124546,0.3038592155124546,0.3038592155124546,0.3038592155124546,0.6044451207221383,0.6044451207221383,0.6044451207221383,0.6044451207221383,0.6044451207221383,0.09169566376540698,0.09169566376540698,0.09169566376540698,0.09169566376540698,0.09169566376540698,0.21216355174704737,0.21216355174704737,0.21216355174704737,0.21216355174704737,0.21216355174704737
8.5,0.30380457612669204,0.30380457612669204,0.30380457612669204,0.30380457612669204,0.30380457612669204,0.6045126685090683,0.6045126685090683,0.6045126685090683,0.6045126685090683,0.6045126685090683,0.09168275536423957,0.09168275536423957,0.09168275536423957,0.09168275536423957,0.09168275536423957,0.21212182076245223,0.21212182076245223,0.21212182076245223,0.21212182076245223,0.21212182076245223
8.6,0.3037528997370831,0.3037528997370831,0.3037528997370831,0.3037528997370831,0.3037528997370831,0.6045765553861093,0.6045765553861093,0.6045765553861093,0.6045765553861093,0.6045765553861093,0.09167054487680747,0.09167054487680747,0.09167054487680747,0.09167054487680747,0.09167054487680747,0.21208235486027535,0.21208235486027535,0.21208235486027535,0.21208235486027535,0.21208235486027535
8.7,0.30370402432340954,0.30370402432340954,0.30370402432340954,0.30370402432340954,0.30370402432340954,0.6046369812640204,0.6046369812640204,0.6046369812640204,0.6046369812640204,0.6046369812640204,0.09165899441256976,0.09165899441256976,0.09165899441256976,0.09165899441256976,0.09165899441256976,0.2120450299108396,0.2120450299108396,0.2120450299108396,0.2120450299108396,0.2120450299108396
8.8,0.3036577969699552,0.3036577969699552,0.3036577969699552,0.3036577969699552,0.3036577969699552,0.6046941348685246,0.6046941348685246,0.6046941348685246,0.6046941348685246,0.6046941348685246,0.09164806816151996,0.09164806816151996,0.09164806816151996,0.09164806816151996,0.09164806816151996,0.21200972880843502,0.21200972880843502,0.21200972880843502,0.21200972880843502,0.21200972880843502
8.9,0.3036140735831084,0.3036140735831084,0.3036140735831084,0.3036140735831084,0.3036140735831084,0.6047481941466116,0.6047481941466116,0.6047481941466116,0.6047481941466116,0.6047481941466116,0.09163773227027978,0.09163773227027978,0.09163773227027978,0.09163773227027978,0.09163773227027978,0.21197634131282836,0.21197634131282836,0.21197634131282836,0.21197634131282836,0.21197634131282836
9.0,0.303572717708358,0.303572717708358,0.303572717708358,0.303572717708358,0.303572717708358,0.6047993275902225,0.6047993275902225,0.6047993275902225,0.6047993275902225,0.6047993275902225,0.09162795470141932,0.09162795470141932,0.09162795470141932,0.09162795470141932,0.09162795470141932,0.21194476300693843,0.21194476300693843,0.21194476300693843,0.21194476300693843,0.21194476300693843
9.1,0.3035336002336002,0.3035336002336002,0.3035336002336002,0.3035336002336002,0.3035336002336002,0.6048476945925254,0.6048476945925254,0.6048476945925254,0.6048476945925254,0.6048476945925254,0.09161870517387417,0.09161870517387417,0.09161870517387417,0.09161870517387417,0.09161870517387417,0.21191489505972583,0.21191489505972583,0.21191489505972583,0.21191489505972583,0.21191489505972583
9.2,0.3034965992411863,0.3034965992411863,0.3034965992411863,0.3034965992411863,0.3034965992411863,0.6048934456616071,0.6048934456616071,0.6048934456616071,0.6048934456616071,0.6048934456616071,0.09160995509720636,0.09160995509720636,0.09160995509720636,0.09160995509720636,0.09160995509720636,0.2118866441439798,0.2118866441439798,0.2118866441439798,0.2118866441439798,0.2118866441439798
9.3,0.30346159980063714,0.30346159980063714,0.30346159980063714,0.30346159980063714,0.30346159980063714,0.6049367227766781,0.6049367227766781,0.6049367227766781,0.6049367227766781,0.6049367227766781,0.09160167742268455,0.09160167742268455,0.09160167742268455,0.09160167742268455,0.09160167742268455,0.21185992237795243,0.21185992237795243,0.21185992237795243,0.21185992237795243,0.21185992237795243
9.4,0.3034284932579726,0.3034284932579726,0.3034284932579726,0.3034284932579726,0.3034284932579726,0.6049776601665839,0.6049776601665839,0.6049776601665839,0.6049776601665839,0.6049776601665839,0.09159384657544324,0.09159384657544324,0.09159384657544324,0.09159384657544324,0.09159384657544324,0.2118346466825292,0.2118346466825292,0.2118346466825292,0.2118346466825292,0.2118346466825292
9.5,0.303397176637599,0.303397176637599,0.303397176637599,0.303397176637599,0.303397176637599,0.605016385021663,0.605016385021663,0.605016385021663,0.605016385021663,0.605016385021663,0.09158643834073771,0.09158643834073771,0.09158643834073771,0.09158643834073771,0.09158643834073771,0.21181073829686115,0.21181073829686115,0.21181073829686115,0.21181073829686115,0.21181073829686115
9.6,0.3033675526195612,0.3033675526195612,0.3033675526195612,0.3033675526195612,0.3033675526195612,0.6050530175237475,0.6050530175237475,0.6050530175237475,0.6050530175237475,0.6050530175237475,0.09157942985669107,0.09157942985669107,0.09157942985669107,0.09157942985669107,0.09157942985669107,0.21178812276286993,0.21178812276286993,0.21178812276286993,0.21178812276286993,0.21178812276286993
9.7,0.30333952930732117,0.30333952930732117,0.30333952930732117,0.30333952930732117,0.30333952930732117,0.6050876711953261,0.6050876711953261,0.6050876711953261,0.6050876711953261,0.6050876711953261,0.09157279949735254,0.09157279949735254,0.09157279949735254,0.09157279949735254,0.09157279949735254,0.21176672980996838,0.21176672980996838,0.21176672980996838,0.21176672980996838,0.21176672980996838
9.8,0.3033130201108727,0.3033130201108727,0.3033130201108727,0.3033130201108727,0.3033130201108727,0.6051204530515789,0.6051204530515789,0.6051204530515789,0.6051204530515789,0.6051204530515789,0.09156652683754814,0.09156652683754814,0.09156652683754814,0.09156652683754814,0.09156652683754814,0.21174649327332434,0.21174649327332434,0.21174649327332434,0.21174649327332434,0.21174649327332434
9.9,0.30328794293535916,0.30328794293535916,0.30328794293535916,0.30328794293535916,0.30328794293535916,0.605151464537531,0.605151464537531,0.605151464537531,0.605151464537531,0.605151464537531,0.09156059252710963,0.09156059252710963,0.09156059252710963,0.09156059252710963,0.09156059252710963,0.21172735040824925,0.21172735040824925,0.21172735040824925,0.21172735040824925,0.21172735040824925
10.0,0.3032642200191504,0.3032642200191504,0.3032642200191504,0.3032642200191504,0.3032642200191504,0.6051808017267124,0.6051808017267124,0.6051808017267124,0.6051808017267124,0.6051808017267124,0.09155497825413704,0.09155497825413704,0.09155497825413704,0.09155497825413704,0.09155497825413704,0.21170924176501307,0.21170924176501307,0.21170924176501307,0.21170924176501307,0.21170924176501307
10.1,0.3032417778943308,0.3032417778943308,0.3032417778943308,0.3032417778943308,0.3032417778943308,0.6052085553742861,0.6052085553742861,0.6052085553742861,0.6052085553742861,0.6052085553742861,0.09154966673138294,0.09154966673138294,0.09154966673138294,0.09154966673138294,0.09154966673138294,0.21169211116294756,0.21169211116294756,0.21169211116294756,0.21169211116294756,0.21169211116294756
10.2,0.30322054720431213,0.30322054720431213,0.30322054720431213,0.30322054720431213,0.30322054720431213,0.6052348111969287,0.6052348111969287,0.6052348111969287,0.6052348111969287,0.6052348111969287,0.09154464159875904,0.09154464159875904,0.09154464159875904,0.09154464159875904,0.09154464159875904,0.2116759056055528,0.2116759056055528,0.2116759056055528,0.2116759056055528,0.2116759056055528
10.3,0.303200462567958,0.303200462567958,0.303200462567958,0.303200462567958,0.303200462567958,0.6052596500187197,0.6052596500187197,0.6052596500187197,0.6052596500187197,0.6052596500187197,0.09153988741332202,0.09153988741332202,0.09153988741332202,0.09153988741332202,0.09153988741332202,0.21166057515463568,0.21166057515463568,0.21166057515463568,0.21166057515463568,0.21166057515463568
10.4,0.3031814619396243,0.3031814619396243,0.3031814619396243,0.3031814619396243,0.3031814619396243,0.6052831485286851,0.6052831485286851,0.6052831485286851,0.6052831485286851,0.6052831485286851,0.0915353895316904,0.0915353895316904,0.0915353895316904,0.0915353895316904,0.0915353895316904,0.21164607240793365,0.21164607240793365,0.21164607240793365,0.21164607240793365,0.21164607240793365
10.5,0.30316348654269415,0.30316348654269415,0.30316348654269415,0.30316348654269415,0.30316348654269415,0.6053053793635543,0.6053053793635543,0.6053053793635543,0.6053053793635543,0.6053053793635543,0.09153113409375134,0.09153113409375134,0.09153113409375134,0.09153113409375134,0.09153113409375134,0.2116323524489426,0.2116323524489426,0.2116323524489426,0.2116323524489426,0.2116323524489426
10.6,0.30314648084313295,0.30314648084313295,0.30314648084313295,0.30314648084313295,0.30314648084313295,0.6053264111427282,0.6053264111427282,0.6053264111427282,0.6053264111427282,0.6053264111427282,0.09152710801413871,0.09152710801413871,0.09152710801413871,0.09152710801413871,0.09152710801413871,0.211619372828994,0.211619372828994,0.211619372828994,0.211619372828994,0.211619372828994
10.7,0.3031303923913334,0.3031303923913334,0.3031303923913334,0.3031303923913334,0.3031303923913334,0.6053463087010066,0.6053463087010066,0.6053463087010066,0.6053463087010066,0.6053463087010066,0.09152329890765984,0.09152329890765984,0.09152329890765984,0.09152329890765984,0.09152329890765984,0.21160709348367335,0.21160709348367335,0.21160709348367335,0.21160709348367335,0.21160709348367335
10.8,0.3031151717889679,0.3031151717889679,0.3031151717889679,0.3031151717889679,0.3031151717889679,0.6053651331177384,0.6053651331177384,0.6053651331177384,0.6053651331177384,0.6053651331177384,0.09151969509329351,0.09151969509329351,0.09151969509329351,0.09151969509329351,0.09151969509329351,0.2115954766956742,0.2115954766956742,0.2115954766956742,0.2115954766956742,0.2115954766956742
10.9,0.3031007721449645,0.3031007721449645,0.3031007721449645,0.3031007721449645,0.3031007721449645,0.6053829423641365,0.6053829423641365,0.6053829423641365,0.6053829423641365,0.6053829423641365,0.09151628549089891,0.09151628549089891,0.09151628549089891,0.09151628549089891,0.09151628549089891,0.2115844866540654,0.2115844866540654,0.2115844866540654,0.2115844866540654,0.2115844866540654
11.0,0.3030871490004454,0.3030871490004454,0.3030871490004454,0.3030871490004454,0.3030871490004454,0.605399791396688,0.605399791396688,0.605399791396688,0.605399791396688,0.605399791396688,0.09151305960286645,0.09151305960286645,0.09151305960286645,0.09151305960286645,0.09151305960286645,0.21157408939757877,0.21157408939757877,0.21157408939757877,0.21157408939757877,0.21157408939757877
11.1,0.30307426032789675,0.30307426032789675,0.30307426032789675,0.30307426032789675,0.30307426032789675,0.6054157321582208,0.6054157321582208,0.6054157321582208,0.6054157321582208,0.6054157321582208,0.09151000751388233,0.09151000751388233,0.09151000751388233,0.09151000751388233,0.09151000751388233,0.21156425281401425,0.21156425281401425,0.21156425281401425,0.21156425281401425,0.21156425281401425
11.2,0.3030620663992451,0.3030620663992451,0.3030620663992451,0.3030620663992451,0.3030620663992451,0.6054308137574576,0.6054308137574576,0.6054308137574576,0.6054308137574576,0.6054308137574576,0.09150711984329728,0.09150711984329728,0.09150711984329728,0.09150711984329728,0.09150711984329728,0.21155494655594761,0.21155494655594761,0.21155494655594761,0.21155494655594761,0.21155494655594761
11.3,0.30305052983405334,0.30305052983405334,0.30305052983405334,0.30305052983405334,0.30305052983405334,0.6054450824219597,0.6054450824219597,0.6054450824219597,0.6054450824219597,0.6054450824219597,0.09150438774398685,0.09150438774398685,0.09150438774398685,0.09150438774398685,0.09150438774398685,0.2115461420900663,0.2115461420900663,0.2115461420900663,0.2115461420900663,0.2115461420900663
11.4,0.3030396152265864,0.3030396152265864,0.3030396152265864,0.3030396152265864,0.3030396152265864,0.6054585819329746,0.6054585819329746,0.6054585819329746,0.6054585819329746,0.6054585819329746,0.09150180284043882,0.09150180284043882,0.09150180284043882,0.09150180284043882,0.09150180284043882,0.2115378123861474,0.2115378123861474,0.2115378123861474,0.2115378123861474,0.2115378123861474
11.5,0.3030292889529944,0.3030292889529944,0.3030292889529944,0.3030292889529944,0.3030292889529944,0.6054713538633704,0.6054713538633704,0.6054713538633704,0.6054713538633704,0.6054713538633704,0.09149935718363508,0.09149935718363508,0.09149935718363508,0.09149935718363508,0.09149935718363508,0.21152993176935916,0.21152993176935916,0.21152993176935916,0.21152993176935916,0.21152993176935916
11.6,0.30301951917131265,0.30301951917131265,0.30301951917131265,0.30301951917131265,0.30301951917131265,0.6054834375776356,0.6054834375776356,0.6054834375776356,0.6054834375776356,0.6054834375776356,0.0914970432510516,0.0914970432510516,0.0914970432510516,0.0914970432510516,0.0914970432510516,0.21152247592026086,0.21152247592026086,0.21152247592026086,0.21152247592026086,0.21152247592026086
11.7,0.3030102758014917,0.3030102758014917,0.3030102758014917,0.3030102758014917,0.3030102758014917,0.6054948702578028,0.6054948702578028,0.6054948702578028,0.6054948702578028,0.6054948702578028,0.09149485394070538,0.09149485394070538,0.09149485394070538,0.09149485394070538,0.09149485394070538,0.21151542186078615,0.21151542186078615,0.21151542186078615,0.21151542186078615,0.21151542186078615
11.8,0.3030015304213775,0.3030015304213775,0.3030015304213775,0.3030015304213775,0.3030015304213775,0.6055056870499926,0.6055056870499926,0.6055056870499926,0.6055056870499926,0.6055056870499926,0.09149278252862977,0.09149278252862977,0.09149278252862977,0.09149278252862977,0.09149278252862977,0.21150874789274754,0.21150874789274754,0.21150874789274754,0.21150874789274754,0.21150874789274754
11.9,0.3029932563104527,0.3029932563104527,0.3029932563104527,0.3029932563104527,0.3029932563104527,0.6055159210024992,0.6055159210024992,0.6055159210024992,0.6055159210024992,0.6055159210024992,0.09149082268704806,0.09149082268704806,0.09149082268704806,0.09149082268704806,0.09149082268704806,0.21150243362340443,0.21150243362340443,0.21150243362340443,0.21150243362340443,0.21150243362340443
12.0,0.3029854280848621,0.3029854280848621,0.3029854280848621,0.3029854280848621,0.3029854280848621,0.6055256035068112,0.6055256035068112,0.6055256035068112,0.6055256035068112,0.6055256035068112,0.09148896840832668,0.09148896840832668,0.09148896840832668,0.09148896840832668,0.09148896840832668,0.2114964596765352,0.2114964596765352,0.2114964596765352,0.2114964596765352,0.2114964596765352
12.1,0.30297802164397286,0.30297802164397286,0.30297802164397286,0.30297802164397286,0.30297802164397286,0.6055347643643124,0.6055347643643124,0.6055347643643124,0.6055347643643124,0.6055347643643124,0.09148721399171465,0.09148721399171465,0.09148721399171465,0.09148721399171465,0.09148721399171465,0.21149080765225803,0.21149080765225803,0.21149080765225803,0.21149080765225803,0.21149080765225803
12.2,0.3029710141703744,0.3029710141703744,0.3029710141703744,0.3029710141703744,0.3029710141703744,0.605543431786282,0.605543431786282,0.605543431786282,0.605543431786282,0.605543431786282,0.09148555404334346,0.09148555404334346,0.09148555404334346,0.09148555404334346,0.09148555404334346,0.21148546012703082,0.21148546012703082,0.21148546012703082,0.21148546012703082,0.21148546012703082
12.3,0.3029643841117775,0.3029643841117775,0.3029643841117775,0.3029643841117775,0.3029643841117775,0.6055516324172244,0.6055516324172244,0.6055516324172244,0.6055516324172244,0.6055516324172244,0.091483983470998,0.091483983470998,0.091483983470998,0.091483983470998,0.091483983470998,0.2114804006407794,0.2114804006407794,0.2114804006407794,0.2114804006407794,0.2114804006407794
12.4,0.30295811110079846,0.30295811110079846,0.30295811110079846,0.30295811110079846,0.30295811110079846,0.6055593914461966,0.6055593914461966,0.6055593914461966,0.6055593914461966,0.6055593914461966,0.0914824974530048,0.0914824974530048,0.0914824974530048,0.0914824974530048,0.0914824974530048,0.21147561364779355,0.21147561364779355,0.21147561364779355,0.21147561364779355,0.21147561364779355
12.5,0.3029521760136337,0.3029521760136337,0.3029521760136337,0.3029521760136337,0.3029521760136337,0.6055667325278132,0.6055667325278132,0.6055667325278132,0.6055667325278132,0.6055667325278132,0.09148109145855292,0.09148109145855292,0.09148109145855292,0.09148109145855292,0.09148109145855292,0.2114710845550807,0.2114710845550807,0.2114710845550807,0.2114710845550807,0.2114710845550807
12.6,0.3029465606749289,0.3029465606749289,0.3029465606749289,0.3029465606749289,0.3029465606749289,0.6055736781412052,0.6055736781412052,0.6055736781412052,0.6055736781412052,0.6055736781412052,0.09147976118386576,0.09147976118386576,0.09147976118386576,0.09147976118386576,0.09147976118386576,0.211466799491063,0.211466799491063,0.211466799491063,0.211466799491063,0.211466799491063
12.7,0.30294124781588144,0.30294124781588144,0.30294124781588144,0.30294124781588144,0.30294124781588144,0.6055802496423516,0.6055802496423516,0.6055802496423516,0.6055802496423516,0.6055802496423516,0.09147850254176691,0.09147850254176691,0.09147850254176691,0.09147850254176691,0.09147850254176691,0.21146274527411435,0.21146274527411435,0.21146274527411435,0.21146274527411435,0.21146274527411435
12.8,0.30293622107424073,0.30293622107424073,0.30293622107424073,0.30293622107424073,0.30293622107424073,0.6055864672640792,0.6055864672640792,0.6055864672640792,0.6055864672640792,0.6055864672640792,0.09147731166168005,0.09147731166168005,0.09147731166168005,0.09147731166168005,0.09147731166168005,0.21145890941256043,0.21145890941256043,0.21145890941256043,0.21145890941256043,0.21145890941256043
12.9,0.3029314649935698,0.3029314649935698,0.3029314649935698,0.3029314649935698,0.3029314649935698,0.6055923501169984,0.6055923501169984,0.6055923501169984,0.6055923501169984,0.6055923501169984,0.09147618488943175,0.09147618488943175,0.09147618488943175,0.09147618488943175,0.09147618488943175,0.2114552801041378,0.2114552801041378,0.2114552801041378,0.2114552801041378,0.2114552801041378
13.0,0.3029269649468432,0.3029269649468432,0.3029269649468432,0.3029269649468432,0.3029269649468432,0.6055979162894469,0.6055979162894469,0.6055979162894469,0.6055979162894469,0.6055979162894469,0.09147511876370991,0.09147511876370991,0.09147511876370991,0.09147511876370991,0.09147511876370991,0.21145184618313298,0.21145184618313298,0.21145184618313298,0.21145184618313298,0.21145184618313298
13.1,0.3029227072175511,0.3029227072175511,0.3029227072175511,0.3029227072175511,0.3029227072175511,0.6056031827491806,0.6056031827491806,0.6056031827491806,0.6056031827491806,0.6056031827491806,0.09147411003326836,0.09147411003326836,0.09147411003326836,0.09147411003326836,0.09147411003326836,0.21144859718428244,0.21144859718428244,0.21144859718428244,0.21144859718428244,0.21144859718428244
13.2,0.30291867882202933,0.30291867882202933,0.30291867882202933,0.30291867882202933,0.30291867882202933,0.6056081655558466,0.6056081655558466,0.6056081655558466,0.6056081655558466,0.6056081655558466,0.09147315562212402,0.09147315562212402,0.09147315562212402,0.09147315562212402,0.09147315562212402,0.21144552319990503,0.21144552319990503,0.21144552319990503,0.21144552319990503,0.21144552319990503
13.3,0.3029148674034319,0.3029148674034319,0.3029148674034319,0.3029148674034319,0.3029148674034319,0.6056128799926541,0.6056128799926541,0.6056128799926541,0.6056128799926541,0.6056128799926541,0.09147225260391395,0.09147225260391395,0.09147225260391395,0.09147225260391395,0.09147225260391395,0.21144261479951765,0.21144261479951765,0.21144261479951765,0.21144261479951765,0.21144261479951765
13.4,0.30291126123173073,0.30291126123173073,0.30291126123173073,0.30291126123173073,0.30291126123173073,0.605617340566374,0.605617340566374,0.605617340566374,0.605617340566374,0.605617340566374,0.09147139820189533,0.09147139820189533,0.09147139820189533,0.09147139820189533,0.09147139820189533,0.21143986302983517,0.21143986302983517,0.21143986302983517,0.21143986302983517,0.21143986302983517
13.5,0.3029078492037163,0.3029078492037163,0.3029078492037163,0.3029078492037163,0.3029078492037163,0.6056215610073383,0.6056215610073383,0.6056215610073383,0.6056215610073383,0.6056215610073383,0.09147058978894544,0.09147058978894544,0.09147058978894544,0.09147058978894544,0.09147058978894544,0.21143725941477054,0.21143725941477054,0.21143725941477054,0.21143725941477054,0.21143725941477054
13.6,0.3029046208355937,0.3029046208355937,0.3029046208355937,0.3029046208355937,0.3029046208355937,0.6056255542788392,0.6056255542788392,0.6056255542788392,0.6056255542788392,0.6056255542788392,0.09146982488556706,0.09146982488556706,0.09146982488556706,0.09146982488556706,0.09146982488556706,0.21143479595002643,0.21143479595002643,0.21143479595002643,0.21143479595002643,0.21143479595002643
13.7,0.3029015662066001,0.3029015662066001,0.3029015662066001,0.3029015662066001,0.3029015662066001,0.605629332651689,0.605629332651689,0.605629332651689,0.605629332651689,0.605629332651689,0.09146910114171092,0.09146910114171092,0.09146910114171092,0.09146910114171092,0.09146910114171092,0.2114324650648889,0.2114324650648889,0.2114324650648889,0.2114324650648889,0.2114324650648889
13.8,0.3028986760431129,0.3028986760431129,0.3028986760431129,0.3028986760431129,0.3028986760431129,0.605632907597943,0.605632907597943,0.605632907597943,0.605632907597943,0.605632907597943,0.09146841635894412,0.09146841635894412,0.09146841635894412,0.09146841635894412,0.09146841635894412,0.2114302596841685,0.2114302596841685,0.2114302596841685,0.2114302596841685,0.2114302596841685
13.9,0.30289594153594296,0.30289594153594296,0.30289594153594296,0.30289594153594296,0.30289594153594296,0.6056362900141423,0.6056362900141423,0.6056362900141423,0.6056362900141423,0.6056362900141423,0.09146776844991465,0.09146776844991465,0.09146776844991465,0.09146776844991465,0.09146776844991465,0.21142817308602804,0.21142817308602804,0.21142817308602804,0.21142817308602804,0.21142817308602804
14.0,0.3028933542989239,0.3028933542989239,0.3028933542989239,0.3028933542989239,0.3028933542989239,0.605639490272926,0.605639490272926,0.605639490272926,0.605639490272926,0.605639490272926,0.09146715542815019,0.09146715542815019,0.09146715542815019,0.09146715542815019,0.09146715542815019,0.2114261988707734,0.2114261988707734,0.2114261988707734,0.2114261988707734,0.2114261988707734
14.1,0.3028909063689118,0.3028909063689118,0.3028909063689118,0.3028909063689118,0.3028909063689118,0.6056425182230301,0.6056425182230301,0.6056425182230301,0.6056425182230301,0.6056425182230301,0.09146657540805805,0.09146657540805805,0.09146657540805805,0.09146657540805805,0.09146657540805805,0.2114243309608535,0.2114243309608535,0.2114243309608535,0.2114243309608535,0.2114243309608535
14.2,0.3028885902057858,0.3028885902057858,0.3028885902057858,0.3028885902057858,0.3028885902057858,0.605645383189289,0.605645383189289,0.605645383189289,0.605645383189289,0.605645383189289,0.09146602660492527,0.09146602660492527,0.09146602660492527,0.09146602660492527,0.09146602660492527,0.21142256360086026,0.21142256360086026,0.21142256360086026,0.21142256360086026,0.21142256360086026
14.3,0.30288639869147416,0.30288639869147416,0.30288639869147416,0.30288639869147416,0.30288639869147416,0.6056480939738597,0.6056480939738597,0.6056480939738597,0.6056480939738597,0.6056480939738597,0.09146550733466617,0.09146550733466617,0.09146550733466617,0.09146550733466617,0.09146550733466617,0.21142089135680775,0.21142089135680775,0.21142089135680775,0.21142089135680775,0.21142089135680775
14.4,0.30288432508139596,0.30288432508139596,0.30288432508139596,0.30288432508139596,0.30288432508139596,0.6056506589187249,0.6056506589187249,0.6056506589187249,0.6056506589187249,0.6056506589187249,0.09146501599987909,0.09146501599987909,0.09146501599987909,0.09146501599987909,0.09146501599987909,0.21141930908151663,0.21141930908151663,0.21141930908151663,0.21141930908151663,0.21141930908151663
14.5,0.3028823630812049,0.3028823630812049,0.3028823630812049,0.3028823630812049,0.3028823630812049,0.6056530858107642,0.6056530858107642,0.6056530858107642,0.6056530858107642,0.6056530858107642,0.0914645511080309,0.0914645511080309,0.0914645511080309,0.0914645511080309,0.0914645511080309,0.21141781197317383,0.21141781197317383,0.21141781197317383,0.21141781197317383,0.21141781197317383
14.6,0.302880506735978,0.302880506735978,0.302880506735978,0.302880506735978,0.302880506735978,0.6056553820162475,0.6056553820162475,0.6056553820162475,0.6056553820162475,0.6056553820162475,0.09146411124777452,0.09146411124777452,0.09146411124777452,0.09146411124777452,0.09146411124777452,0.21141639548820326,0.21141639548820326,0.21141639548820326,0.21141639548820326,0.21141639548820326
14.7,0.30287875036854,0.30287875036854,0.30287875036854,0.30287875036854,0.30287875036854,0.6056575545575197,0.6056575545575197,0.6056575545575197,0.6056575545575197,0.6056575545575197,0.0914636950739403,0.0914636950739403,0.0914636950739403,0.0914636950739403,0.0914636950739403,0.21141505529459947,0.21141505529459947,0.21141505529459947,0.21141505529459947,0.21141505529459947
14.8,0.3028770885794637,0.3028770885794637,0.3028770885794637,0.3028770885794637,0.3028770885794637,0.6056596101130003,0.6056596101130003,0.6056596101130003,0.6056596101130003,0.6056596101130003,0.09146330130753602,0.09146330130753602,0.09146330130753602,0.09146330130753602,0.09146330130753602,0.21141378727192747,0.21141378727192747,0.21141378727192747,0.21141378727192747,0.21141378727192747
14.9,0.30287551624707,0.30287551624707,0.30287551624707,0.30287551624707,0.30287551624707,0.605661555017183,0.605661555017183,0.605661555017183,0.605661555017183,0.605661555017183,0.09146292873574698,0.09146292873574698,0.09146292873574698,0.09146292873574698,0.09146292873574698,0.21141258751132286,0.21141258751132286,0.21141258751132286,0.21141258751132286,0.21141258751132286
15.0,0.30287402852742773,0.30287402852742773,0.30287402852742773,0.30287402852742773,0.30287402852742773,0.6056633952606364,0.6056633952606364,0.6056633952606364,0.6056633952606364,0.6056633952606364,0.09146257621193583,0.09146257621193583,0.09146257621193583,0.09146257621193583,0.09146257621193583,0.21141145231549174,0.21141145231549174,0.21141145231549174,0.21141145231549174,0.21141145231549174
15.1,0.30287262084741307,0.30287262084741307,0.30287262084741307,0.30287262084741307,0.30287262084741307,0.605665136498754,0.605665136498754,0.605665136498754,0.605665136498754,0.605665136498754,0.09146224265383297,0.09146224265383297,0.09146224265383297,0.09146224265383297,0.09146224265383297,0.2114103781935799,0.2114103781935799,0.2114103781935799,0.2114103781935799,0.2114103781935799
15.2,0.3028712888794306,0.3028712888794306,0.3028712888794306,0.3028712888794306,0.3028712888794306,0.6056667840849581,0.6056667840849581,0.6056667840849581,0.6056667840849581,0.6056667840849581,0.09146192703561125,0.09146192703561125,0.09146192703561125,0.09146192703561125,0.09146192703561125,0.2114093618438192,0.2114093618438192,0.2114093618438192,0.2114093618438192,0.2114093618438192
15.3,0.30287002860447026,0.30287002860447026,0.30287002860447026,0.30287002860447026,0.30287002860447026,0.6056683429911864,0.6056683429911864,0.6056683429911864,0.6056683429911864,0.6056683429911864,0.0914616284043433,0.0914616284043433,0.0914616284043433,0.0914616284043433,0.0914616284043433,0.21140840020012677,0.21140840020012677,0.21140840020012677,0.21140840020012677,0.21140840020012677
15.4,0.3028688361995109,0.3028688361995109,0.3028688361995109,0.3028688361995109,0.3028688361995109,0.6056698179465746,0.6056698179465746,0.6056698179465746,0.6056698179465746,0.6056698179465746,0.09146134585391441,0.09146134585391441,0.09146134585391441,0.09146134585391441,0.09146134585391441,0.2114074903455963,0.2114074903455963,0.2114074903455963,0.2114074903455963,0.2114074903455963
15.5,0.30286770801825946,0.30286770801825946,0.30286770801825946,0.30286770801825946,0.30286770801825946,0.6056712134614554,0.6056712134614554,0.6056712134614554,0.6056712134614554,0.6056712134614554,0.09146107852028511,0.09146107852028511,0.09146107852028511,0.09146107852028511,0.09146107852028511,0.2114066294979742,0.2114066294979742,0.2114066294979742,0.2114066294979742,0.2114066294979742
15.6,0.30286664059115104,0.30286664059115104,0.30286664059115104,0.30286664059115104,0.30286664059115104,0.6056725338273578,0.6056725338273578,0.6056725338273578,0.6056725338273578,0.6056725338273578,0.09146082558149123,0.09146082558149123,0.09146082558149123,0.09146082558149123,0.09146082558149123,0.21140581500965963,0.21140581500965963,0.21140581500965963,0.21140581500965963,0.21140581500965963
15.7,0.30286563062534855,0.30286563062534855,0.30286563062534855,0.30286563062534855,0.30286563062534855,0.6056737831170075,0.6056737831170075,0.6056737831170075,0.6056737831170075,0.6056737831170075,0.09146058625764386,0.09146058625764386,0.09146058625764386,0.09146058625764386,0.09146058625764386,0.21140504436770458,0.21140504436770458,0.21140504436770458,0.21140504436770458,0.21140504436770458
15.8,0.30286467500474323,0.30286467500474323,0.30286467500474323,0.30286467500474323,0.30286467500474323,0.6056749651843273,0.6056749651843273,0.6056749651843273,0.6056749651843273,0.6056749651843273,0.0914603598109294,0.0914603598109294,0.0914603598109294,0.0914603598109294,0.0914603598109294,0.21140431519381372,0.21140431519381372,0.21140431519381372,0.21140431519381372,0.21140431519381372
15.9,0.3028637707893401,0.3028637707893401,0.3028637707893401,0.3028637707893401,0.3028637707893401,0.6056760836652054,0.6056760836652054,0.6056760836652054,0.6056760836652054,0.6056760836652054,0.09146014554545435,0.09146014554545435,0.09146014554545435,0.09146014554545435,0.09146014554545435,0.21140362524388565,0.21140362524388565,0.21140362524388565,0.21140362524388565,0.21140362524388565
16.0,0.3028629151884605,0.3028629151884605,0.3028629151884605,0.3028629151884605,0.3028629151884605,0.6056771420115784,0.6056771420115784,0.6056771420115784,0.6056771420115784,0.6056771420115784,0.09145994279996103,0.09145994279996103,0.09145994279996103,0.09145994279996103,0.09145994279996103,0.2114029723884993,0.2114029723884993,0.2114029723884993,0.2114029723884993,0.2114029723884993
16.1,0.30286210561805943,0.30286210561805943,0.30286210561805943,0.30286210561805943,0.30286210561805943,0.6056781434203286,0.6056781434203286,0.6056781434203286,0.6056781434203286,0.6056781434203286,0.09145975096161199,0.09145975096161199,0.09145975096161199,0.09145975096161199,0.09145975096161199,0.21140235465644733,0.21140235465644733,0.21140235465644733,0.21140235465644733,0.21140235465644733
16.2,0.3028613396390011,0.3028613396390011,0.3028613396390011,0.3028613396390011,0.3028613396390011,0.6056790909087743,0.6056790909087743,0.6056790909087743,0.6056790909087743,0.6056790909087743,0.09145956945222455,0.09145956945222455,0.09145956945222455,0.09145956945222455,0.09145956945222455,0.2114017701867764,0.2114017701867764,0.2114017701867764,0.2114017701867764,0.2114017701867764
16.3,0.30286061492060345,0.30286061492060345,0.30286061492060345,0.30286061492060345,0.30286061492060345,0.6056799873599763,0.6056799873599763,0.6056799873599763,0.6056799873599763,0.6056799873599763,0.09145939771942019,0.09145939771942019,0.09145939771942019,0.09145939771942019,0.09145939771942019,0.2114012172011831,0.2114012172011831,0.2114012172011831,0.2114012172011831,0.2114012172011831
16.4,0.3028599292406384,0.3028599292406384,0.3028599292406384,0.3028599292406384,0.3028599292406384,0.6056808355227371,0.6056808355227371,0.6056808355227371,0.6056808355227371,0.6056808355227371,0.09145923523662444,0.09145923523662444,0.09145923523662444,0.09145923523662444,0.09145923523662444,0.21140069400401384,0.21140069400401384,0.21140069400401384,0.21140069400401384,0.21140069400401384
16.5,0.302859280485332,0.302859280485332,0.302859280485332,0.302859280485332,0.302859280485332,0.605681638011601,0.605681638011601,0.605681638011601,0.605681638011601,0.605681638011601,0.09145908150306699,0.09145908150306699,0.09145908150306699,0.09145908150306699,0.09145908150306699,0.2114001989822649,0.2114001989822649,0.2114001989822649,0.2114001989822649,0.2114001989822649
16.6,0.302858666649364,0.302858666649364,0.302858666649364,0.302858666649364,0.302858666649364,0.6056823973068544,0.6056823973068544,0.6056823973068544,0.6056823973068544,0.6056823973068544,0.09145893604378158,0.09145893604378158,0.09145893604378158,0.09145893604378158,0.09145893604378158,0.21139973060558231,0.21139973060558231,0.21139973060558231,0.21139973060558231,0.21139973060558231
16.7,0.3028580858358683,0.3028580858358683,0.3028580858358683,0.3028580858358683,0.3028580858358683,0.6056831157545256,0.6056831157545256,0.6056831157545256,0.6056831157545256,0.6056831157545256,0.0914587984096061,0.0914587984096061,0.0914587984096061,0.0914587984096061,0.0914587984096061,0.2113992874262621,0.2113992874262621,0.2113992874262621,0.2113992874262621,0.2113992874262621
16.8,0.30285753625548373,0.30285753625548373,0.30285753625548373,0.30285753625548373,0.30285753625548373,0.6056837955675719,0.6056837955675719,0.6056837955675719,0.6056837955675719,0.6056837955675719,0.09145866817694441,0.09145866817694441,0.09145866817694441,0.09145866817694441,0.09145866817694441,0.2113988680785392,0.2113988680785392,0.2113988680785392,0.2113988680785392,0.2113988680785392
16.9,0.3028570162083845,0.3028570162083845,0.3028570162083845,0.3028570162083845,0.3028570162083845,0.6056844388487119,0.6056844388487119,0.6056844388487119,0.6056844388487119,0.6056844388487119,0.09145854494290356,0.09145854494290356,0.09145854494290356,0.09145854494290356,0.09145854494290356,0.21139847126548084,0.21139847126548084,0.21139847126548084,0.21139847126548084,0.21139847126548084
17.0,0.30285652413247927,0.30285652413247927,0.30285652413247927,0.30285652413247927,0.30285652413247927,0.6056850475305102,0.6056850475305102,0.6056850475305102,0.6056850475305102,0.6056850475305102,0.0914584283370106,0.0914584283370106,0.0914584283370106,0.0914584283370106,0.0914584283370106,0.21139809579546856,0.21139809579546856,0.21139809579546856,0.21139809579546856,0.21139809579546856
17.1,0.30285605855213243,0.30285605855213243,0.30285605855213243,0.30285605855213243,0.30285605855213243,0.605685623438405,0.605685623438405,0.605685623438405,0.605685623438405,0.605685623438405,0.09145831800946255,0.09145831800946255,0.09145831800946255,0.09145831800946255,0.09145831800946255,0.21139774054266977,0.21139774054266977,0.21139774054266977,0.21139774054266977,0.21139774054266977
17.2,0.30285561805551525,0.30285561805551525,0.30285561805551525,0.30285561805551525,0.30285561805551525,0.6056861683188538,0.6056861683188538,0.6056861683188538,0.6056861683188538,0.6056861683188538,0.09145821362563097,0.09145821362563097,0.09145821362563097,0.09145821362563097,0.09145821362563097,0.21139740442988417,0.21139740442988417,0.21139740442988417,0.21139740442988417,0.21139740442988417
17.3,0.30285520129460575,0.30285520129460575,0.30285520129460575,0.30285520129460575,0.30285520129460575,0.6056866838393323,0.6056866838393323,0.6056866838393323,0.6056866838393323,0.6056866838393323,0.09145811486606192,0.09145811486606192,0.09145811486606192,0.09145811486606192,0.09145811486606192,0.2113970864285437,0.2113970864285437,0.2113970864285437,0.2113970864285437,0.2113970864285437
17.4,0.3028548069851888,0.3028548069851888,0.3028548069851888,0.3028548069851888,0.3028548069851888,0.6056871715883353,0.6056871715883353,0.6056871715883353,0.6056871715883353,0.6056871715883353,0.09145802142647594,0.09145802142647594,0.09145802142647594,0.09145802142647594,0.09145802142647594,0.21139678555871275,0.21139678555871275,0.21139678555871275,0.21139678555871275,0.21139678555871275
17.5,0.302854433906856,0.302854433906856,0.302854433906856,0.302854433906856,0.302854433906856,0.605687633075376,0.605687633075376,0.605687633075376,0.605687633075376,0.605687633075376,0.09145793301776807,0.09145793301776807,0.09145793301776807,0.09145793301776807,0.09145793301776807,0.21139650088908782,0.21139650088908782,0.21139650088908782,0.21139650088908782,0.21139650088908782
17.6,0.30285408090300586,0.30285408090300586,0.30285408090300586,0.30285408090300586,0.30285408090300586,0.6056880697309863,0.6056880697309863,0.6056880697309863,0.6056880697309863,0.6056880697309863,0.09145784936600787,0.09145784936600787,0.09145784936600787,0.09145784936600787,0.09145784936600787,0.21139623153699788,0.21139623153699788,0.21139623153699788,0.21139623153699788,0.21139623153699788
17.7,0.30285374688084354,0.30285374688084354,0.30285374688084354,0.30285374688084354,0.30285374688084354,0.6056884829067171,0.6056884829067171,0.6056884829067171,0.6056884829067171,0.6056884829067171,0.09145777021243938,0.09145777021243938,0.09145777021243938,0.09145777021243938,0.09145777021243938,0.21139597666840407,0.21139597666840407,0.21139597666840407,0.21139597666840407,0.21139597666840407
17.8,0.3028534308075801,0.3028534308075801,0.3028534308075801,0.3028534308075801,0.3028534308075801,0.6056888738798991,0.6056888738798991,0.6056888738798991,0.6056888738798991,0.6056888738798991,0.09145769531252078,0.09145769531252078,0.09145769531252078,0.09145769531252078,0.09145769531252078,0.21139573549505924,0.21139573549505924,0.21139573549505924,0.21139573549505924,0.21139573549505924
17.9,0.3028531317094393,0.3028531317094393,0.3028531317094393,0.3028531317094393,0.3028531317094393,0.6056892438552642,0.6056892438552642,0.6056892438552642,0.6056892438552642,0.6056892438552642,0.09145762443529645,0.09145762443529645,0.09145762443529645,0.09145762443529645,0.09145762443529645,0.21139550727414272,0.21139550727414272,0.21139550727414272,0.21139550727414272,0.21139550727414272
18.0,0.3028528486993901,0.3028528486993901,0.3028528486993901,0.3028528486993901,0.3028528486993901,0.6056895939301806,0.6056895939301806,0.6056895939301806,0.6056895939301806,0.6056895939301806,0.0914575573704293,0.0914575573704293,0.0914575573704293,0.0914575573704293,0.0914575573704293,0.2113952913289607,0.2113952913289607,0.2113952913289607,0.2113952913289607,0.2113952913289607
18.1,0.30285258093138406,0.30285258093138406,0.30285258093138406,0.30285258093138406,0.30285258093138406,0.6056899251512574,0.6056899251512574,0.6056899251512574,0.6056899251512574,0.6056899251512574,0.09145749391735854,0.09145749391735854,0.09145749391735854,0.09145749391735854,0.09145749391735854,0.21139508701402537,0.21139508701402537,0.21139508701402537,0.21139508701402537,0.21139508701402537
18.2,0.3028523275950856,0.3028523275950856,0.3028523275950856,0.3028523275950856,0.3028523275950856,0.605690238520899,0.605690238520899,0.605690238520899,0.605690238520899,0.605690238520899,0.09145743388401541,0.09145743388401541,0.09145743388401541,0.09145743388401541,0.09145743388401541,0.21139489371107006,0.21139489371107006,0.21139489371107006,0.21139489371107006,0.21139489371107006
18.3,0.3028520879158726,0.3028520879158726,0.3028520879158726,0.3028520879158726,0.3028520879158726,0.6056905349973043,0.6056905349973043,0.6056905349973043,0.6056905349973043,0.6056905349973043,0.09145737708682311,0.09145737708682311,0.09145737708682311,0.09145737708682311,0.09145737708682311,0.2113947108290493,0.2113947108290493,0.2113947108290493,0.2113947108290493,0.2113947108290493
18.4,0.30285186115483564,0.30285186115483564,0.30285186115483564,0.30285186115483564,0.30285186115483564,0.6056908154944676,0.6056908154944676,0.6056908154944676,0.6056908154944676,0.6056908154944676,0.09145732335069681,0.09145732335069681,0.09145732335069681,0.09145732335069681,0.09145732335069681,0.2113945378041387,0.2113945378041387,0.2113945378041387,0.2113945378041387,0.2113945378041387
18.5,0.3028516466087788,0.3028516466087788,0.3028516466087788,0.3028516466087788,0.3028516466087788,0.6056910808821776,0.6056910808821776,0.6056910808821776,0.6056910808821776,0.6056910808821776,0.09145727250904363,0.09145727250904363,0.09145727250904363,0.09145727250904363,0.09145727250904363,0.21139437409973508,0.21139437409973508,0.21139437409973508,0.21139437409973508,0.21139437409973508
18.6,0.3028514436102191,0.3028514436102191,0.3028514436102191,0.3028514436102191,0.3028514436102191,0.6056913319860182,0.6056913319860182,0.6056913319860182,0.6056913319860182,0.6056913319860182,0.09145722440376271,0.09145722440376271,0.09145722440376271,0.09145722440376271,0.09145722440376271,0.2113942192064564,0.2113942192064564,0.2113942192064564,0.2113942192064564,0.2113942192064564
18.7,0.3028512515273868,0.3028512515273868,0.3028512515273868,0.3028512515273868,0.3028512515273868,0.6056915695873681,0.6056915695873681,0.6056915695873681,0.6056915695873681,0.6056915695873681,0.09145717888524511,0.09145717888524511,0.09145717888524511,0.09145717888524511,0.09145717888524511,0.21139407264214174,0.21139407264214174,0.21139407264214174,0.21139407264214174,0.21139407264214174
18.8,0.3028510697642252,0.3028510697642252,0.3028510697642252,0.3028510697642252,0.3028510697642252,0.6056917944234009,0.6056917944234009,0.6056917944234009,0.6056917944234009,0.6056917944234009,0.0914571358123739,0.0914571358123739,0.0914571358123739,0.0914571358123739,0.0914571358123739,0.21139393395185135,0.21139393395185135,0.21139393395185135,0.21139393395185135,0.21139393395185135
18.9,0.30285089775392227,0.30285089775392227,0.30285089775392227,0.30285089775392227,0.30285089775392227,0.6056920071952301,0.6056920071952301,0.6056920071952301,0.6056920071952301,0.6056920071952301,0.09145709505084766,0.09145709505084766,0.09145709505084766,0.09145709505084766,0.09145709505084766,0.21139380270307467,0.21139380270307467,0.21139380270307467,0.21139380270307467,0.21139380270307467
19.0,0.3028507349792448,0.3028507349792448,0.3028507349792448,0.3028507349792448,0.3028507349792448,0.6056922085428117,0.6056922085428117,0.6056922085428117,0.6056922085428117,0.6056922085428117,0.09145705647794365,0.09145705647794365,0.09145705647794365,0.09145705647794365,0.09145705647794365,0.2113936785013012,0.2113936785013012,0.2113936785013012,0.2113936785013012,0.2113936785013012
19.1,0.3028505809623752,0.3028505809623752,0.3028505809623752,0.3028505809623752,0.3028505809623752,0.6056923990572547,0.6056923990572547,0.6056923990572547,0.6056923990572547,0.6056923990572547,0.09145701998037022,0.09145701998037022,0.09145701998037022,0.09145701998037022,0.09145701998037022,0.21139356098200504,0.21139356098200504,0.21139356098200504,0.21139356098200504,0.21139356098200504
19.2,0.30285043524434013,0.30285043524434013,0.30285043524434013,0.30285043524434013,0.30285043524434013,0.6056925793063412,0.6056925793063412,0.6056925793063412,0.6056925793063412,0.6056925793063412,0.0914569854493187,0.0914569854493187,0.0914569854493187,0.0914569854493187,0.0914569854493187,0.2113934497950215,0.2113934497950215,0.2113934497950215,0.2113934497950215,0.2113934497950215
19.3,0.3028502973849893,0.3028502973849893,0.3028502973849893,0.3028502973849893,0.3028502973849893,0.6056927498345526,0.6056927498345526,0.6056927498345526,0.6056927498345526,0.6056927498345526,0.09145695278045826,0.09145695278045826,0.09145695278045826,0.09145695278045826,0.09145695278045826,0.21139334460453107,0.21139334460453107,0.21139334460453107,0.21139334460453107,0.21139334460453107
19.4,0.30285016696299544,0.30285016696299544,0.30285016696299544,0.30285016696299544,0.30285016696299544,0.6056929111630687,0.6056929111630687,0.6056929111630687,0.6056929111630687,0.6056929111630687,0.09145692187393593,0.09145692187393593,0.09145692187393593,0.09145692187393593,0.09145692187393593,0.21139324508905954,0.21139324508905954,0.21139324508905954,0.21139324508905954,0.21139324508905954
19.5,0.30285004357585454,0.30285004357585454,0.30285004357585454,0.30285004357585454,0.30285004357585454,0.605693063789769,0.605693063789769,0.605693063789769,0.605693063789769,0.605693063789769,0.09145689263437658,0.09145689263437658,0.09145689263437658,0.09145689263437658,0.09145689263437658,0.211393150941478,0.211393150941478,0.211393150941478,0.211393150941478,0.211393150941478
19.6,0.30284992683988565,0.30284992683988565,0.30284992683988565,0.30284992683988565,0.30284992683988565,0.6056932081892316,0.6056932081892316,0.6056932081892316,0.6056932081892316,0.6056932081892316,0.09145686497088289,0.09145686497088289,0.09145686497088289,0.09145686497088289,0.09145686497088289,0.21139306186900284,0.21139306186900284,0.21139306186900284,0.21139306186900284,0.21139306186900284
19.7,0.302849816390231,0.302849816390231,0.302849816390231,0.302849816390231,0.302849816390231,0.6056933448127337,0.6056933448127337,0.6056933448127337,0.6056933448127337,0.6056933448127337,0.09145683879703537,0.09145683879703537,0.09145683879703537,0.09145683879703537,0.09145683879703537,0.2113929775931957,0.2113929775931957,0.2113929775931957,0.2113929775931957,0.2113929775931957
19.8,0.30284971188085585,0.30284971188085585,0.30284971188085585,0.30284971188085585,0.30284971188085585,0.6056934740882518,0.6056934740882518,0.6056934740882518,0.6056934740882518,0.6056934740882518,0.09145681403089241,0.09145681403089241,0.09145681403089241,0.09145681403089241,0.09145681403089241,0.2113928978499635,0.2113928978499635,0.2113928978499635,0.2113928978499635,0.2113928978499635
19.9,0.30284961298454866,0.30284961298454866,0.30284961298454866,0.30284961298454866,0.30284961298454866,0.6056935964204613,0.6056935964204613,0.6056935964204613,0.6056935964204613,0.6056935964204613,0.09145679059499022,0.09145679059499022,0.09145679059499022,0.09145679059499022,0.09145679059499022,0.2113928223895585,0.2113928223895585,0.2113928223895585,0.2113928223895585,0.2113928223895585
20.0,0.3028495193944955,0.3028495193944955,0.3028495193944955,0.3028495193944955,0.3028495193944955,0.6056937121888107,0.6056937121888107,0.6056937121888107,0.6056937121888107,0.6056937121888107,0.09145676841669383,0.09145676841669383,0.09145676841669383,0.09145676841669383,0.09145676841669383,0.21139275097780172,0.21139275097780172,0.21139275097780172,0.21139275097780172,0.21139275097780172
