time,S,I,R
0.0,990.0,10.0,0.0
0.5,-4.011178538241218e-11,907.6221419142926,92.37785808574851
1.0,-3.8132227799701654e-11,821.2504754419978,178.74952455804157
1.5,2.500960298126559e-11,743.0981597596821,256.9018402402942
2.0,3.669257075593693e-11,672.3830202242095,327.616979775755
2.5,-3.749069899146177e-11,608.3973159509648,391.6026840490737
3.0,1.1427722637357691e-11,550.5006565050335,449.49934349495607
3.5,-3.390082972562136e-11,498.11359265915934,501.88640734087545
4.0,2.177476029379371e-11,450.7118170702771,549.2881829297022
4.5,1.4814055813347138e-11,407.82091683616994,592.1790831638164
5.0,1.0467054814440768e-12,369.01162541111034,630.98837458889
5.5,2.5408974118204408e-12,333.89552636224016,666.1044736377587
6.0,-2.345122089921566e-11,302.1211659673918,697.878834032633
6.5,-2.5988055089339452e-11,273.37053574795374,726.6294642520735
7.0,-3.480740838502872e-12,247.3558897332661,752.6441102667387
7.5,9.227348784799895e-12,223.81686460222423,776.183135397768
8.0,2.9496374602866713e-11,202.51787387955986,797.482126120412
8.5,2.3980912927557365e-11,183.24575010731363,816.7542498926639
9.0,-3.0104111861686846e-11,165.8076113932108,834.1923886068207
9.5,-1.4549664609594367e-11,150.0289309837193,849.9710690162965
10.0,-2.706514157270671e-11,135.75179054200547,864.2482094580229
10.5,2.930373989349786e-11,122.8332996477666,877.1667003522053
11.0,2.6798875565517927e-11,111.14416570212848,888.8558342978458
11.5,-2.5741619428187143e-11,100.56739992362077,899.4326000764062
12.0,-2.7410824402124856e-11,90.99714648545394,909.0028535145748
12.5,6.3715277167870904e-12,82.33762307451147,917.6623769254835
13.0,-2.41752079696203e-11,74.50216226986254,925.4978377301629
13.5,-2.176325707550311e-11,67.41234414627333,932.5876558537498
14.0,-8.858103583554778e-12,60.9972114206756,939.0027885793346
14.5,3.0431535177075612e-12,55.19255929000276,944.8074407099955
15.0,1.9238473429400264e-11,49.94029284271869,950.0597071572633
15.5,1.0959118046769233e-11,45.18784563163585,954.8121543683544
16.0,7.390356733062733e-12,40.88765356822855,959.1123464317653
16.5,1.1762015720339705e-12,36.99667888470201,963.0033211152979
17.0,5.319868205495506e-16,33.475979396865235,966.5240206031358
17.5,8.378322648980352e-15,30.29031876177881,969.7096812382222
18.0,8.84655874362743e-16,27.40781382147105,972.59218617853
18.5,3.373078264565757e-17,24.7996154935375,975.2003845064635
19.0,1.266494788669675e-18,22.43962005037639,977.5603799496246
19.5,6.62104608346049e-20,20.30420786693651,979.6957921330645
20.0,4.031826371677306e-21,18.37200702347323,981.6279929765277
20.5,2.974312165155907e-22,16.62367939944276,983.3763206005583
21.0,2.820037224960616e-23,15.04172714464599,984.9582728553551
21.5,3.3318847114614425e-24,13.610317552944025,986.3896824470569
22.0,4.788361821954661e-25,12.315124594114986,987.684875405886
22.5,8.260808152252309e-26,11.14318553989359,988.8568144601073
23.0,1.685361848286091e-26,10.082771232146126,989.9172287678549
23.5,3.998192487884279e-27,9.123268689283938,990.8767313107171
24.0,1.0871793212786269e-27,8.255074884843998,991.7449251151571
24.5,3.3463416130984133e-28,7.469500643794142,992.530499356207
25.0,1.152258241817176e-28,6.758683677088608,993.2413163229124
25.5,4.3910398417471905e-29,6.115509887977303,993.8844901120237
26.0,1.834205024015381e-29,5.533542176550144,994.4664578234508
26.5,8.325508622812888e-30,5.0069560156140405,994.9930439843869
27.0,4.073970674464022e-30,4.530481153799713,995.4695188462013
27.5,2.1338324250448698e-30,4.0993488695238,995.9006511304772
28.0,1.1885829019488312e-30,3.7092442464618287,996.2907557535391
28.5,6.999764767641729e-31,3.356262987200852,996.6437370128
29.0,4.335300845032314e-31,3.0368723356115606,996.9631276643893
29.5,2.8103119752895517e-31,2.7478757227860813,997.2521242772148
30.0,1.898479480476043e-31,2.486380774262325,997.5136192257385
30.5,1.3312760282970395e-31,2.2497703601608454,997.75022963984
31.0,9.656023628603546e-32,2.0356764036882895,997.9643235963125
31.5,7.221058544941229e-32,1.8419561810714875,998.1580438189295
32.0,5.551530661906647e-32,1.6666708751701795,998.3333291248307
32.5,4.376138115970979e-32,1.5080661713305366,998.4919338286704
33.0,3.5285936003540384e-32,1.3645547006166243,998.6354452993843
33.5,2.9040827291562136e-32,1.2347001522111847,998.7652998477896
34.0,2.4348172775485984e-32,1.1172028977573234,998.8827971022434
34.5,2.0759062898841875e-32,1.0108869853366822,998.9891130146641
35.0,1.7969664025584665e-32,0.9146883698456929,999.0853116301552
35.5,1.5770149001229907e-32,0.8276442628795997,999.1723557371212
36.0,1.4012891021181482e-32,0.7488834977954841,999.2511165022054
36.5,1.2592220036484755e-32,0.677617810632436,999.3223821893685
37.0,1.143127908787609e-32,0.6131339501948962,999.386866049806
37.5,1.047333244479892e-32,0.5547865403402654,999.4452134596606
38.0,9.675915709919012e-33,0.5019916207826451,999.4980083792183
38.5,9.006834287065846e-33,0.4542208020265486,999.5457791979743
39.0,8.44138518150181e-33,0.4109959776759898,999.5890040223248
39.5,7.960400076357799e-33,0.37188453931276044,999.6281154606882
40.0,7.548848388784945e-33,0.3364950463498947,999.6635049536509
40.5,7.19482784803495e-33,0.3044733088958555,999.695526691105
41.0,6.888826248636396e-33,0.2754988427204669,999.7245011572803
41.5,6.623175533255104e-33,0.2492816614929813,999.7507183385079
42.0,6.391644003747457e-33,0.22555937496069134,999.7744406250401
42.5,6.189128556921654e-33,0.20409456246536908,999.7959054375355
43.0,6.011420314116151e-33,0.18467239690878545,999.815327603092
43.5,5.8550245663406344e-33,0.16709849482991246,999.8329015051709
44.0,5.7170212337723266e-33,0.15119697059912482,999.8488030294017
44.5,5.594955931424842e-33,0.1368086765089079,999.863191323492
45.0,5.486754225883609e-33,0.12378960961113993,999.8762103903896
45.5,5.3906536942006394e-33,0.11200947073963696,999.8879905292611
46.0,5.305149703817002e-33,0.10135036030562755,999.898649639695
46.5,5.228951855870394e-33,0.09170559832761346,999.9082944016732
47.0,5.160948785834598e-33,0.08297865681969116,999.9170213431811
47.5,5.100179529207477e-33,0.0750821935811835,999.9249178064196
48.0,5.045810110674964e-33,0.06793717818648003,999.9320628218142
48.5,4.997114280413201e-33,0.06147210089828982,999.9385278991023
49.0,4.953457591862574e-33,0.05562225705408826,999.9443777429465
49.5,4.9142841635403786e-33,0.05032909946630649,999.9496709005342
50.0,4.8791056233074214e-33,0.04553965240022151,999.9544603476004
50.5,4.847491830533715e-33,0.04120598150967601,999.9587940184908
51.0,4.819063051092726e-33,0.037284713910403944,999.9627152860901
51.5,4.793483335073599e-33,0.033736604264085264,999.9662633957364
52.0,4.7704548818673e-33,0.03052614190516972,999.9694738580953
52.5,4.749713230456242e-33,0.02762119541699545,999.9723788045835
53.0,4.731023137616618e-33,0.0249926911411071,999.9750073088594
53.5,4.7141750305512465e-33,0.02261432213115127,999.9773856778693
54.0,4.698981945152512e-33,0.020462284847594905,999.9795377151529
54.5,4.685276874549851e-33,0.018515040979737555,999.9814849590208
55.0,4.672910464601782e-33,0.01675310187605371,999.9832468981244
55.5,4.6617490053054574e-33,0.015158833452353422,999.9848411665481
56.0,4.6516726758489385e-33,0.013716279723200907,999.9862837202774
56.5,4.6425740067539546e-33,0.012411003128297645,999.9875889968723
57.0,4.6343565285879655e-33,0.011229940020111294,999.9887700599805
57.5,4.626933582374206e-33,0.010161269929867772,999.9898387300707
58.0,4.6202272696103264e-33,0.009194297248341246,999.9908057027523
58.5,4.6141675239772465e-33,0.00831934418536368,999.9916806558152
59.0,4.608691288931637e-33,0.007527653914838679,999.9924723460857
59.5,4.6037417878049626e-33,0.006811302933884444,999.9931886970666
60.0,4.599267874960974e-33,0.006163121761230362,999.9938368782392
60.5,4.59522345814478e-33,0.005576623182133791,999.9944233768183
61.0,4.5915669834964304e-33,0.0050459373219002,999.9949540626786
61.5,4.5882609758400654e-33,0.004565752898135157,999.9954342471024
62.0,4.5852716278289555e-33,0.004131264063648921,999.9958687359368
62.5,4.5825684323541765e-33,0.0037381223079578055,999.9962618776926
63.0,4.5801238533327285e-33,0.0033823929360372873,999.9966176070645
63.5,4.5779130305982095e-33,0.0030605156888133503,999.9969394843118
64.0,4.5759135151392354e-33,0.0027692691112412944,999.9972307308894
64.5,4.574105031380638e-33,0.0025057383111091597,999.9974942616896
65.0,4.572469263590961e-33,0.0022672857852923745,999.9977327142154
65.5,4.570989663836195e-33,0.0020515250204386137,999.9979484749803
66.0,4.569651279207535e-33,0.0018562966045272127,999.9981437033962
66.5,4.568440596419022e-33,0.0016796466265891815,999.9983203533741
67.0,4.5673454017289575e-33,0.001519807112693208,999.998480192888
67.5,4.5663546548609626e-33,0.001375178340137584,999.9986248216605
68.0,4.565458375284686e-33,0.0012443128224837417,999.9987556871781
68.5,4.56464753959558e-33,0.0011259008055961185,999.9988740991951
69.0,4.5639139891877244e-33,0.0010187571762449099,999.9989812428244
69.5,4.563250346892175e-33,0.0009218096071961694,999.9990781903934
70.0,4.5626499417374404e-33,0.0008340878282739159,999.9991659121724
70.5,4.5621067407727026e-33,0.0007547138811446585,999.9992452861195
71.0,4.561615287886589e-33,0.0006828933551260065,999.9993171066455
71.5,4.56117064856247e-33,0.0006179074575898238,999.9993820925432
72.0,4.560768359680181e-33,0.0005591057952728631,999.9994408942055
72.5,4.5604043841554554e-33,0.0005058998409896451,999.9994941001597
73.0,4.560075070511354e-33,0.00045775710236187786,999.9995422428984
73.5,4.559777115768999e-33,0.00041419576142850853,999.9995858042394
74.0,4.559507531865319e-33,0.0003747798183076667,999.9996252201826
74.5,4.559263616036566e-33,0.0003391148038391334,999.9996608851969
75.0,4.559042923135122e-33,0.00030684376743168743,999.9996931562333
75.5,4.558843241070491e-33,0.0002776437151608379,999.9997223562856
76.0,4.5586625689025426e-33,0.00025122242965154535,999.9997487775711
76.5,4.558499096051869e-33,0.000227315449722879,999.9997726845511
77.0,4.558351184801834e-33,0.0002056835270813964,999.9997943164738
77.5,4.558217353290317e-33,0.00018611015199361433,999.9998138898488
78.0,4.558096260890996e-33,0.00016839942602397422,999.9998316005748
78.5,4.5579866947854564e-33,0.00015237410663981497,999.9998476258942
79.0,4.5578875574686405e-33,0.00013787378716546747,999.9998621262137
79.5,4.557797856258981e-33,0.00012475336806427723,999.9998752466328
80.0,4.5577166926784504e-33,0.00011288150864413696,999.9998871184922
80.5,4.5576432541725395e-33,0.00010213941962502104,999.9998978605812
81.0,4.5575768051913215e-33,9.241956196240078e-5,999.9999075804388
81.5,4.557516680592521e-33,8.362468432900374e-5,999.9999163753165
82.0,4.55746227820339e-33,7.566673740455684e-5,999.9999243332634
82.5,4.5574130535234144e-33,6.846610060803563e-5,999.9999315339002
83.0,4.5573685135865944e-33,6.19506858463217e-5,999.9999380493149
83.5,4.557328212601918e-33,5.60553008542528e-5,999.9999439446999
84.0,4.557291747059088e-33,5.0720934313296376e-5,999.9999492790664
84.5,4.5572587518978754e-33,4.5894196198079625e-5,999.9999541058045
85.0,4.5572288969030554e-33,4.15267911066211e-5,999.9999584732096
85.5,4.557201883073451e-33,3.7574987606593744e-5,999.999962425013
86.0,4.5571774401778194e-33,3.399926112192305e-5,999.9999660007395
86.5,4.557155323370753e-33,3.07637992587157e-5,999.9999692362014
87.0,4.5571353113865966e-33,2.7836237846387445e-5,999.9999721637629
87.5,4.55711720388682e-33,2.5187273162748075e-5,999.9999748127276
88.0,4.557100819536093e-33,2.279038064751054e-5,999.99997720962
88.5,4.557085994497791e-33,2.0621594977973547e-5,999.9999793784058
89.0,4.557072580235064e-33,1.8659188522317937e-5,999.9999813408122
89.5,4.557060442541378e-33,1.688352960382357e-5,999.9999831164711
90.0,4.557049459982828e-33,1.5276854727016924e-5,999.999984723146
90.5,4.55703952250483e-33,1.3823064811003208e-5,999.9999861769359
91.0,4.557030530760334e-33,1.2507626966090355e-5,999.9999874923737
91.5,4.557022394733798e-33,1.1317373247943978e-5,999.9999886826274
92.0,4.557015032897428e-33,1.024037725138316e-5,999.9999897596234
92.5,4.557008371690027e-33,9.26587790239953e-6,999.9999907341228
93.0,4.557002344407322e-33,8.384117150730195e-6,999.9999916158835
93.5,4.556996890640381e-33,7.586257828617956e-6,999.9999924137428
94.0,4.5569919559104634e-33,6.864330250673438e-6,999.9999931356704
94.5,4.556987490815902e-33,6.211107424022587e-6,999.9999937888932
95.0,4.556983450580763e-33,5.620039028347205e-6,999.9999943799615
95.5,4.556979794835219e-33,5.085219294971857e-6,999.9999949147813
96.0,4.5569764870301915e-33,4.601301381649354e-6,999.9999953986992
96.5,4.556973493976139e-33,4.163429905071154e-6,999.9999958365707
97.0,4.556970785713717e-33,3.7672220228964045e-6,999.9999962327786
97.5,4.5569683352303374e-33,3.408725972822376e-6,999.9999965912747
98.0,4.556966117949081e-33,3.084346307365727e-6,999.9999969156544
98.5,4.556964111624267e-33,2.7908286170699844e-6,999.999997209172
99.0,4.556962296233631e-33,2.5252437593719123e-6,999.9999974747569
99.5,4.556960653642513e-33,2.2849387332693913e-6,999.9999977150619
100.0,4.5569591673544735e-33,2.067500196963576e-6,999.9999979325005
